-- phpMyAdmin SQL Dump
-- version 5.2.1
-- https://www.phpmyadmin.net/
--
-- Host: localhost
-- Generation Time: Nov 10, 2024 at 10:33 PM
-- Server version: 10.4.28-MariaDB
-- PHP Version: 8.2.4

SET SQL_MODE = "NO_AUTO_VALUE_ON_ZERO";
START TRANSACTION;
SET time_zone = "+00:00";


/*!40101 SET @OLD_CHARACTER_SET_CLIENT=@@CHARACTER_SET_CLIENT */;
/*!40101 SET @OLD_CHARACTER_SET_RESULTS=@@CHARACTER_SET_RESULTS */;
/*!40101 SET @OLD_COLLATION_CONNECTION=@@COLLATION_CONNECTION */;
/*!40101 SET NAMES utf8mb4 */;

--
-- Database: `React_app`
--

-- --------------------------------------------------------

--
-- Table structure for table `comments`
--

CREATE TABLE `comments` (
  `id` int(11) NOT NULL,
  `news_id` int(11) DEFAULT NULL,
  `match_id` int(11) DEFAULT NULL,
  `content` text DEFAULT NULL,
  `publish_date` datetime DEFAULT current_timestamp(),
  `likes` int(11) DEFAULT 0,
  `dislikes` int(11) DEFAULT 0,
  `user_id` int(11) DEFAULT NULL
) ENGINE=InnoDB DEFAULT CHARSET=utf8mb4 COLLATE=utf8mb4_unicode_ci;

--
-- Dumping data for table `comments`
--

INSERT INTO `comments` (`id`, `news_id`, `match_id`, `content`, `publish_date`, `likes`, `dislikes`, `user_id`) VALUES
(39, 37, NULL, 'ніколи такого не було і от знову\n', '2024-10-16 13:26:15', 4, 0, 68),
(41, 37, NULL, 'Цікаво, як це розслідування може вплинути на психологічний стан гравців. Вони мають вміти відокремлювати особисті переживання від професійних зобов’язань, і це непросто в таких умовах.', '2024-10-16 13:45:02', 70, 66, 68),
(42, 37, NULL, 'Вважаю, що чіткі правила в кіберспорті — це необхідність. Якщо команди знали б про всі можливі наслідки за порушення, можливо, вони б були більш обережними у своїх діях.', '2024-10-16 13:45:06', 67, 22, 68),
(43, 37, NULL, 'Ситуація з Astralis підкреслює, як важливо мати ефективну комунікацію всередині команди. Якщо дійсно мали місце порушення, потрібно з\'ясувати, чому це сталося.', '2024-10-16 13:45:11', 14, 83, 68),
(44, 37, NULL, 'Я сподіваюся, що це розслідування не стане причиною для драматизації, а призведе до конструктивного діалогу про етику в кіберспорті. Гравці повинні знати, що їх дії можуть мати серйозні наслідки.', '2024-10-16 13:45:15', 34, 67, 68),
(45, 37, NULL, 'Цікаво, чи вплине це розслідування на майбутні трансфери гравців у команді Astralis. Якщо ситуація виявиться негативною, можливо, вони втратять деяких ключових гравців, що вплине на їхню конкурентоспроможність.', '2024-10-16 13:45:20', 29, 77, 68),
(46, 38, NULL, 'Цей продаж справді вражає. Бекхем, безумовно, зробив великий внесок у популяризацію GUILD, і буде цікаво побачити, як новий власник зможе продовжити цю справу.', '2024-10-16 13:48:41', 0, 10, 68),
(47, 38, NULL, '', '2024-10-16 13:48:44', 0, 58, 68),
(48, 38, NULL, 'Гравці GUILD можуть опинитися в складній ситуації. Незрозумілість щодо майбутнього команди може вплинути на їхню продуктивність, особливо в період переходу.', '2024-10-16 13:48:48', 36, 30, 68),
(49, 38, NULL, 'Інвестиції нового власника можуть суттєво змінити обличчя GUILD Esports. Якщо будуть вкладені кошти в молоді таланти, це може підвищити шанси на успіх команди в змаганнях.', '2024-10-16 13:48:51', 62, 64, 68),
(50, 38, NULL, 'Майбутнє GUILD виглядає багатообіцяючим, якщо новий власник зможе зберегти курс на розвиток. Але без чіткої стратегії це може перетворитися на серйозний виклик. Сподіваюся, вони знайдуть правильний баланс.', '2024-10-16 13:48:53', 96, 41, 68),
(51, 39, NULL, 'Заміна гравця може стати новим початком для Astralis. Іноді зміна одного елемента команди може суттєво покращити її загальну динаміку.', '2024-10-16 13:49:06', 15, 89, 68),
(52, 39, NULL, 'Цікаво, хто стане новим гравцем! Важливо знайти людину, яка не лише володіє навичками, але й впишеться в командну атмосферу та менталітет.', '2024-10-16 13:49:09', 50, 48, 68),
(53, 39, NULL, 'Цей крок може стати справжнім випробуванням для команди. Зміна в складі завжди пов’язана з невизначеністю, але може також надати нові можливості для розвитку.', '2024-10-16 13:49:13', 15, 52, 68),
(54, 39, NULL, 'Важливо, щоб Astralis правильно оцінила причини заміни. Якщо проблеми були всередині команди, новий гравець може не вирішити їх, якщо не будуть внесені зміни в загальну стратегію.', '2024-10-16 13:49:17', 96, 16, 68),
(55, 39, NULL, 'Чи може ця заміна надати Astralis конкурентну перевагу? Якщо новий гравець принесе нові ідеї та стилі гри, це може суттєво змінити результати команди в майбутніх змаганнях.', '2024-10-16 13:49:20', 64, 96, 68),
(56, 40, NULL, 'Ця перемога — дійсно неймовірне досягнення! NaVi підтвердили, що вміють боротися з найкращими, і тепер їхній статус у світі кіберспорту ще більше зміцнено.', '2024-10-16 13:49:48', 26, 60, 68),
(57, 40, NULL, 'Командна взаємодія NaVi вразила! Виглядає так, ніби кожен гравець знає свої обов’язки та діє на максимум. Це дійсно те, що робить команду непереможною.', '2024-10-16 13:49:51', 15, 95, 68),
(58, 40, NULL, 'Суперники NaVi заслуговують на похвалу. Всі команди показали високий рівень, але NaVi виявилися сильнішими в критичні моменти. Конкуренція лише додає цінності їхній перемозі.', '2024-10-16 13:49:54', 73, 16, 68),
(59, 40, NULL, 'Ця перемога, безумовно, підвищить впевненість NaVi. Вона відкриває нові можливості, а також може залучити нових спонсорів, які захочуть інвестувати в таку успішну команду.', '2024-10-16 13:49:58', 42, 55, 68),
(60, 40, NULL, 'Для українського кіберспорту це величезний крок вперед! NaVi стали символом для багатьох, і їхній успіх свідчить про великий потенціал українських гравців на міжнародній арені.', '2024-10-16 13:50:02', 72, 39, 68),
(61, 41, NULL, 'Це дійсно захоплююча новина! Повернення Faker може суттєво підняти інтерес до League of Legends, адже його талант завжди привертав увагу шанувальників.', '2024-10-16 13:50:23', 40, 20, 68),
(62, 41, NULL, 'Фейкер — справжній лідер на полі! Його досвід може стати безцінним для молодших гравців команди, які матимуть можливість вчитися у одного з найкращих.', '2024-10-16 13:50:41', 69, 63, 68),
(63, 41, NULL, 'Повернення на вершину — це не просто питання таланту, але й адаптації. Якщо Faker зможе впоратися з новими змінами в грі, його повернення може стати справжнім тріумфом.', '2024-10-16 13:50:45', 36, 64, 68),
(64, 41, NULL, 'Які виклики чекають на Faker? Йому потрібно буде знову звикнути до високого рівня конкуренції, а також навчитися працювати з новими тактиками та стратегіями. Це непросто, але він може це зробити', '2024-10-16 13:50:49', 55, 32, 68),
(65, 41, NULL, 'Для фанатів це справжній подарунок! Повернення Faker обіцяє більше емоційних моментів і можливість побачити легендарного гравця на сцені знову. Чекаю з нетерпінням на його матчі!', '2024-10-16 13:50:54', 65, 47, 68),
(66, 42, NULL, 'Це просто неймовірно! Анонс CS\n2 відкриває нові горизонти для шанувальників, які вже давно чекали на оновлення. Я сподіваюся, що гра зможе зберегти свою унікальність при введенні нових функцій.', '2024-10-16 13:51:11', 60, 43, 68),
(67, 42, NULL, 'Очікування нової графіки та вдосконалених механік - це, безумовно, те, чого прагнуть багато гравців. Нові карти можуть стати чудовим доповненням до гри, і я сподіваюся на нові можливості для творчості в стратегіях.\n\n', '2024-10-16 13:51:14', 97, 62, 68),
(68, 42, NULL, 'Цікаво, як це вплине на професійну сцену CS\n. Гравці можуть знайти нові шляхи для тактики, а команди можуть отримати нові шанси на успіх. Це, безумовно, зробить турніри ще більш захоплюючими!', '2024-10-16 13:51:17', 23, 84, 68),
(69, 42, NULL, 'Адаптація до CS 2 може бути непростим завданням. Гравці повинні будуть пройти шлях від новачка до професіонала знову, що потребує багато часу та зусиль. Це буде справжнє випробування для всіх!', '2024-10-16 13:51:24', 86, 44, 68),
(70, 42, NULL, 'Цей анонс може кардинально змінити спільноту CS. Нові події та турніри з новими механіками можуть залучити більше гравців і шанувальників, створюючи нову енергію в спільноті. Я з нетерпінням чекаю на цей розвиток!', '2024-10-16 13:51:31', 82, 47, 68),
(71, 43, NULL, 'Це дійсно захоплююча новина для всіх шанувальників PUBG! Знати дати турніру дозволяє всім спланувати свої графіки і налаштуватися на важливі моменти в грі. Чекаю з нетерпінням!', '2024-10-16 13:51:47', 51, 96, 68),
(72, 43, NULL, 'Сподіваюся, що цього року ми побачимо не лише відомі команди, а й нові колективи, які готові дивувати. PUBG Global Championship завжди був платформою для справжніх зірок!\n\n', '2024-10-16 13:51:51', 88, 56, 68),
(73, 43, NULL, 'Згідно з попередніми чемпіонатами, традиційно фаворитами можуть стати команди з гарними показниками. Але саме нові команди можуть здивувати і стати справжніми відкриттями турніру!\n\n', '2024-10-16 13:51:55', 11, 74, 68),
(74, 43, NULL, 'Формат турніру дійсно може змінити все. Залежно від правил та ігрових днів, команди можуть бути змушені адаптувати свої стратегії, що зробить турнір ще більш цікавим!\n\n', '2024-10-16 13:51:58', 49, 14, 68),
(75, 43, NULL, 'Це оголошення може об\'єднати спільноту PUBG на новому рівні. Фанати зможуть активно обговорювати прогнози, ділитися думками та підтримувати улюблені команди, що створить атмосферу єдності.', '2024-10-16 13:52:22', 22, 19, 68),
(76, 44, NULL, 'Це неймовірна новина! Півфінали обіцяють не тільки захоплюючі матчі, але й емоції, які можуть надихнути нових шанувальників League of Legends. Чекаю з нетерпінням на ці бої!', '2024-10-16 13:52:44', 46, 43, 68),
(77, 44, NULL, 'Деякі команди дійсно вразили своїм стилем гри та стратегіями. Це показує, як важливо адаптуватися до ситуацій, що виникають під час турніру. Які команди вас вразили найбільше?', '2024-10-16 13:52:48', 63, 58, 68),
(78, 44, NULL, 'Ключові фактори, такі як командна хімія та стратегічне мислення, дійсно стали визначальними для успіху команд. Залишається спостерігати, як вони справляться під тиском півфіналів!', '2024-10-16 13:52:52', 78, 61, 68),
(79, 44, NULL, 'Мої прогнози на півфінали? Сподіваюся на захоплюючі поєдинки, де кожна команда покаже свої сильні сторони. Буде цікаво побачити, хто зможе виграти в критичних моментах!\n\n', '2024-10-16 13:52:56', 12, 32, 68),
(80, 44, NULL, 'Півфінали Worlds — це чудова можливість для всього кіберспортивного середовища. Вони підкреслюють високий рівень змагань у League of Legends та залучають нових гравців до гри, створюючи ще більше ентузіазму навколо кіберспорту.\n\n\n\n\n\n\n', '2024-10-16 13:52:59', 86, 60, 68),
(81, 45, NULL, 'Це вражаючий показник! Рекордний призовий фонд The International підкреслює зростаючу популярність Dota 2 і підтверджує, що кіберспорт має велике майбутнє. Спільнота дійсно робить величезний внесок у розвиток гри!\n\n', '2024-10-16 13:53:23', 24, 11, 68),
(82, 45, NULL, 'Активне краудфандингове фінансування через Battle Pass справді змінює гру! Це чудовий спосіб, як фанати можуть підтримувати свої команди, і водночас отримувати щось цікаве для себе.\n\n', '2024-10-16 13:53:28', 32, 46, 68),
(83, 45, NULL, 'Високий призовий фонд додає серйозної мотивації командам. Це не лише гра на титул, а й шанс отримати значну фінансову винагороду. Напруження і конкуренція будуть на максимальному рівні!\n\n', '2024-10-16 13:53:31', 81, 98, 68),
(84, 45, NULL, 'Цей рекорд може змінити правила гри для наступних International. Більше уваги та залучення нових гравців може призвести до ще більш захоплюючих змагань у майбутньому!\n\n', '2024-10-16 13:53:34', 26, 71, 68),
(85, 45, NULL, 'Це позитивний знак для спільноти Dota 2. Рекордний призовий фонд свідчить про здоровий розвиток гри та може допомогти у підтримці нових талантів, що тільки підвищить рівень конкуренції.\n\n\n\n\n\n\n', '2024-10-16 13:53:38', 60, 51, 68),
(86, 46, NULL, 'Відбори на Fortnite World Cup дійсно вразили! Сильна конкуренція та вражаючі навички гравців роблять цей турнір надзвичайно цікавим. Очікую на справжнє шоу на фіналі!', '2024-10-16 13:53:58', 36, 36, 68),
(87, 46, NULL, 'Декілька гравців, які стабільно потрапляли в топ-5, справді показали свій потенціал. Це означає, що вони можуть стати серйозними суперниками на World Cup!\n\n', '2024-10-16 13:54:02', 57, 12, 68),
(88, 46, NULL, 'Адаптація до змін у меті була ключовою для успіху команд. Командна хімія та стратегічні рішення стали важливими факторами, які вплинули на результати відборів. Це дійсно цікаво спостерігати!\n\n', '2024-10-16 13:54:05', 90, 36, 68),
(89, 46, NULL, 'Я очікую на захоплюючі матчі на Fortnite World Cup! Непередбачувані результати та високий рівень конкуренції обіцяють багато моментів, які запам’ятаються шанувальникам.\n\n', '2024-10-16 13:54:08', 89, 45, 68),
(90, 46, NULL, 'Результати відборів свідчать про здорову конкуренцію у Fortnite. Це може залучити нових гравців до спільноти та спонукати їх розвивати свої навички, що, безумовно, позитивно вплине на майбутнє гри!\n\n\n\n\n\n\n', '2024-10-16 13:54:10', 80, 13, 68),
(91, 47, NULL, 'Цей турнір дійсно став святом для шанувальників Valorant! Високий рівень гри та емоційні фінали підтвердили, що ми маємо справу з однією з найцікавіших кіберспортивних дисциплін сьогодення.\n\n', '2024-10-16 13:55:06', 25, 12, 68),
(92, 47, NULL, 'Вражаючі командні виступи та індивідуальна майстерність деяких гравців були на висоті! Це говорить про те, що в Valorant є чимало талантів, готових дивувати на світовій арені.\n\n', '2024-10-16 13:55:09', 62, 11, 68),
(93, 47, NULL, 'Ключові моменти, коли команди зберігали спокій під тиском, стали вирішальними для успіху. Це підкреслює, наскільки важливо стратегічно мислити і приймати правильні рішення в критичних ситуаціях.\n\n', '2024-10-16 13:55:11', 43, 99, 68),
(94, 47, NULL, 'Після такого успішного турніру, Valorant безумовно набере популярності на міжнародній арені. Це може залучити нові команди і гравців, а також підвищити конкуренцію на майбутніх чемпіонатах.\n\n', '2024-10-16 13:55:15', 21, 92, 68),
(95, 47, NULL, 'Результати Valorant Champions свідчать про зростаючу популярність цієї гри в кіберспорті. Спільнота може очікувати на нові можливості для змагань і багато захоплюючих подій у найближчому майбутньому!\n\n\n\n\n\n\n', '2024-10-16 13:55:18', 55, 65, 68),
(96, 48, NULL, 'Фінал обіцяє бути неймовірним! Дві найкращі команди змагатимуться за титул, і це обіцяє захоплюючі моменти та неймовірну гру. Важко дочекатися, щоб побачити, як вони продемонструють свої навички на великій сцені!', '2024-10-16 13:55:42', 25, 37, 68),
(97, 48, NULL, 'Обидві команди вже показали, на що здатні, і їх сильні сторони виглядають вражаюче. Їх стратегічні рішення та потужні комбінації героїв можуть змінити хід гри, тому буде цікаво спостерігати за їхніми тактичними маневрами!\n\n\n', '2024-10-16 13:55:47', 38, 73, 68),
(98, 48, NULL, 'Ключові фактори, такі як командна хімія та адаптивність, можуть стати вирішальними у фіналі. Команди, які зможуть зберігати спокій під тиском і швидко реагувати на зміни в грі, напевно, отримають перевагу.', '2024-10-16 13:55:51', 15, 65, 68),
(99, 48, NULL, 'Цей фінал - справжня кульмінація року для спільноти Overwatch. Фанати зможуть підтримувати свої команди на найвищому рівні, і це створює унікальну атмосферу, наповнену емоціями та адреналіном!', '2024-10-16 13:55:54', 42, 94, 68),
(100, 48, NULL, 'Очікую, що фінал підвищить інтерес до Overwatch League і залучить нових гравців. Якщо команди продемонструють видовищну гру, це створить позитивний імпульс для майбутніх сезонів, і ми можемо очікувати ще більше захоплюючих подій!', '2024-10-16 13:55:58', 65, 87, 68),
(101, 49, NULL, 'Середина сезону справді вразила! Конкуренція між командами досягла нового рівня, і гра стала ще більш напруженою. З нетерпінням чекаю на подальший розвиток подій!', '2024-10-16 13:56:14', 10, 54, 68),
(102, 49, NULL, 'Команди, які показали стабільні результати, заслуговують на визнання. Їхня майстерність та стратегічний підхід зробили їх фаворитами, і вони справді вражають!\n\n', '2024-10-16 13:56:17', 27, 91, 68),
(103, 49, NULL, 'Основна тенденція в тому, що команди все більше покладаються на командну взаємодію. Це дозволяє їм краще адаптуватися до ситуацій у грі і демонструє, наскільки важливим є співробітництво між гравцями.\n\n', '2024-10-16 13:56:20', 95, 10, 68),
(104, 49, NULL, 'Зміни в меті гри завжди створюють нові виклики для команд. Ті, хто вміє швидко пристосовуватися до нових умов, зазвичай мають значну перевагу, і це, безумовно, впливає на результати.\n\n', '2024-10-16 13:56:25', 25, 39, 68),
(105, 49, NULL, 'Залишок сезону обіцяє бути ще більш захоплюючим! Очікую на несподівані повороти подій і запеклі матчі, адже команди, які зможуть зберегти стабільність, будуть претендувати на успіх у плей-оф!\n\n\n\n\n\n\n', '2024-10-16 13:56:27', 98, 67, 68),
(106, 50, NULL, 'Оголошення розкладу — це чудова новина для всіх шанувальників Apex Legends! Тепер ми можемо спланувати своє спостереження за іграми та активно підтримувати улюблені команди протягом всього турніру.\n\n', '2024-10-16 13:56:49', 47, 28, 68),
(107, 50, NULL, 'Стадії відбору та плей-оф завжди вражають! Вони виявляють справжні здібності команд і стають місцем для найбільш захоплюючих моментів. Чекаю на неймовірні матчі!\n\n', '2024-10-16 13:56:52', 19, 21, 68),
(108, 50, NULL, 'Мені цікаво побачити, як провідні команди з усіх регіонів змагатимуться на турнірі. У багатьох з них є величезний потенціал, і це обіцяє бути видовищно!\n\n', '2024-10-16 13:56:56', 36, 96, 68),
(109, 50, NULL, 'Ключовими факторами успіху на турнірі стануть командна хімія та стратегічні рішення. Гравці, які зможуть зберегти спокій під тиском, справді мають перевагу над суперниками.\n\n', '2024-10-16 13:56:59', 24, 49, 68),
(110, 50, NULL, 'Цей розклад є важливим для спільноти Apex Legends. Він дозволяє фанатам слідкувати за розвитком подій і активно підтримувати свої команди, створюючи атмосферу справжнього змагання!\n\n\n\n\n\n\n', '2024-10-16 13:57:03', 93, 38, 68),
(111, 51, NULL, 'Результати Rainbow Six Major вражають! Команди продемонстрували неймовірну майстерність та здатність адаптуватися, що робить матчі дійсно захоплюючими для глядачів.\n\n', '2024-10-16 13:57:20', 23, 33, 68),
(112, 51, NULL, 'Особливо вражають команди, які показали високу командну хімію! Гравці, що проявили себе у критичних моментах, стали справжніми зірками цього турніру. Чекаю нових перемог від них!\n\n', '2024-10-16 13:57:24', 97, 41, 68),
(113, 51, NULL, 'Ключові стратегії команд відіграли вирішальну роль у результатах турніру. Індівідуальні виступи, які вплинули на фінальні матчі, дійсно показали рівень майстерності гравців.\n\n', '2024-10-16 13:57:27', 48, 96, 68),
(114, 51, NULL, 'Очікую, що результати цього Major підвищать інтерес до Rainbow Six на міжнародному рівні. З’явлення нових талантів може кардинально змінити динаміку наступних турнірів!\n\n', '2024-10-16 13:57:30', 27, 77, 68),
(115, 51, NULL, 'Цей турнір підтверджує зростаючу популярність Rainbow Six і підтримку спільноти. Фанати можуть очікувати ще більше захоплюючих матчів і нових можливостей для змагань у майбутньому!\n\n\n\n\n\n\n', '2024-10-16 13:57:33', 72, 91, 68),
(116, 52, NULL, 'Оновлення серії чемпіонату Rocket League дійсно обіцяє багато новинок! Нові правила та зміни у форматі турнірів зроблять матчі ще більш динамічними та захоплюючими для гравців і фанатів.\n\n', '2024-10-16 13:58:12', 90, 31, 68),
(117, 52, NULL, 'Цікаво, як зміни в правилах вплинуть на стратегії команд! Команди, які швидко адаптуються до нововведень, можуть отримати суттєву перевагу, що створить нову динаміку в змаганнях.\n\n', '2024-10-16 13:58:15', 45, 52, 68),
(118, 52, NULL, 'Нові функції кастомізації автомобілів і покращена система винагород - це чудовий спосіб залучити гравців! Ці нововведення підвищують мотивацію до участі в чемпіонаті.\n\n', '2024-10-16 13:58:18', 33, 70, 68),
(119, 52, NULL, 'Прогнози щодо підвищення конкуренції в серії чемпіонату звучать обнадійливо! Команди, які зможуть адаптуватися до змін, зможуть показати високі результати в наступних сезонах.\n\n', '2024-10-16 13:58:21', 23, 93, 68),
(120, 52, NULL, 'Ці зміни в серії чемпіонату Rocket League відображають зростаючу підтримку спільноти! Фанати можуть очікувати ще більше захоплюючих моментів та можливостей для участі в змаганнях у майбутньому.\n\n\n\n\n\n\n', '2024-10-16 13:58:24', 97, 66, 68),
(121, 53, NULL, 'Цьогорічні нові члени Зали слави кіберспорту дійсно вражають! Їхній внесок у розвиток гри і досягнення на світових турнірах заслуговують на визнання та пошану.\n\n', '2024-10-16 13:58:53', 1, 41, 68),
(122, 53, NULL, 'Визнання таких постатей у кіберспорті надихає нові покоління гравців. Це підтверджує, що зусилля і талант можуть призвести до великих досягнень на міжнародному рівні.\n\n', '2024-10-16 13:58:57', 10, 86, 68),
(123, 53, NULL, 'Реакція спільноти на оголошення нових членів Зали слави була просто неймовірною! Вітання та захоплення від фанатів і колег показують, наскільки важливими є ці особистості для кіберспорту.\n\n', '2024-10-16 13:59:00', 88, 29, 68),
(124, 53, NULL, 'Вплив нових членів на спільноту може бути величезним. Вони стають прикладом для молодих гравців, демонструючи, що важка праця та талант можуть призвести до визнання в галузі.\n\n', '2024-10-16 13:59:04', 43, 56, 68),
(125, 53, NULL, 'Очікування щодо майбутніх введень до Зали слави також дуже обнадійливі. Кіберспорт постійно розвивається, і ми можемо сподіватися на появу ще більше видатних особистостей у найближчі роки.\n\n\n\n\n\n\n', '2024-10-16 13:59:07', 30, 96, 68),
(126, 54, NULL, 'Турнір Street Fighter V справді вразив! Високий рівень майстерності гравців зробив матчі надзвичайно напруженими і видовищними. Це ще раз підтверджує, що файтинги залишаються на передовій кіберспорту.\n\n', '2024-10-16 14:00:20', 11, 30, 68),
(127, 54, NULL, 'Гравці, які продемонстрували унікальні комбінації, стали справжніми зірками цього турніру. Їхня здатність адаптуватися до стилю суперників свідчить про глибоке розуміння гри та її механіки.', '2024-10-16 14:00:24', 45, 33, 68),
(128, 54, NULL, 'Ключові моменти, коли гравці виривали перемогу з найбільш критичних ситуацій, дійсно запам’яталися. Це підкреслює, наскільки важливо залишатися спокійним і зосередженим під час гри.', '2024-10-16 14:00:26', 93, 66, 68),
(129, 54, NULL, 'Очікування щодо майбутнього Street Fighter V виглядають обнадійливо. Зростання інтересу до гри вказує на те, що ми можемо побачити більше нових облич у наступних турнірах.\n\n', '2024-10-16 14:00:29', 51, 42, 68),
(130, 54, NULL, 'Результати цього турніру свідчать про те, що Street Fighter V продовжує залишатися на вершині жанру файтингів. Спільнота може з нетерпінням очікувати нових можливостей для змагань і подальшого розвитку сцени.', '2024-10-16 14:00:33', 57, 92, 68),
(131, 55, NULL, 'Завершення сезону Hearthstone Grandmasters вразило своєю емоційністю! Фінальні матчі дійсно стали святом для шанувальників, демонструючи високий рівень гри.', '2024-10-16 14:00:51', 31, 55, 68),
(132, 55, NULL, 'Гравці, які показали стабільну гру та стратегічний підхід, заслуговують на визнання. Їхні зусилля допомогли підняти гру на новий рівень, і вони стали справжніми зірками сезону.', '2024-10-16 14:00:54', 63, 79, 68),
(133, 55, NULL, 'Ключові моменти, такі як зміни в меті гри та адаптація до нових карт, дійсно стали визначальними для результатів сезону. Це підкреслює, наскільки важливо бути гнучким у підході до гри.\n\n', '2024-10-16 14:00:57', 35, 41, 68),
(134, 55, NULL, 'Наступний сезон Hearthstone Grandmasters обіцяє бути ще більш захоплюючим! З новими стратегіями та талантами на сцені ми можемо очікувати цікавих змагань.', '2024-10-16 14:01:01', 67, 46, 68),
(135, 55, NULL, 'Завершення цього сезону підтверджує, що Hearthstone залишається стабільною та популярною змагальною грою. Спільнота може з нетерпінням очікувати нових можливостей та цікавих моментів у майбутньому.', '2024-10-16 14:01:03', 40, 10, 68),
(136, 56, NULL, 'Початок Warzone World Series став яскравим святом для фанатів, які з нетерпінням чекали на цю подію! Гравці з різних регіонів зібралися, щоб продемонструвати свої неймовірні навички.', '2024-10-16 14:01:21', 1, 82, 68),
(137, 56, NULL, 'Особливо вразили команди, які показали відмінну стратегію і командну роботу. Спостерігати, як вони адаптуються до умов гри, було надзвичайно цікаво і вражаюче.', '2024-10-16 14:01:23', 85, 10, 68),
(138, 56, NULL, 'Стратегічне планування та ефективна взаємодія між гравцями стали критично важливими для успіху. Команди, які добре комунікують, мають набагато більше шансів на перемогу.', '2024-10-16 14:01:26', 88, 65, 68),
(139, 56, NULL, 'Прогнози щодо подальшого розвитку подій у Warzone World Series обіцяють захоплюючі моменти, адже команди почнуть адаптувати свої стратегії. Очікуються несподівані результати, які тільки підвищать інтригу турніру.\n\n', '2024-10-16 14:01:29', 84, 16, 68),
(140, 56, NULL, 'Цей турнір підтверджує зростаючий інтерес до змагань у Warzone, і спільнота може очікувати на нові можливості та події, які зроблять кіберспортивну арену ще більш динамічною.', '2024-10-16 14:01:33', 60, 55, 68),
(141, 37, NULL, 'Супер!Тепер є валідація))', '2024-10-19 12:48:50', 1, 0, 68),
(155, 38, NULL, ' 123', '2024-10-21 22:34:00', 1, 1, 68),
(156, 50, NULL, 'Оголошення розкладу — це чудова новина для всіх шанувальників Apex Legends! Тепер ми можемо спланувати своє спостереження за іграми та активно підтримувати улюблені команди протягом всього турніру.Оголошення розкладу — це чудова новина для всіх шанувальників Apex Legends! Тепер ми можемо спланувати своє спостереження за іграми та активно підтримувати улюблені команди протягом всього турніру.Оголошення розкладу — це чудова новина для всіх шанувальників Apex Legends! Тепер ми можемо сплануват', '2024-10-22 13:44:50', 0, 0, 68),
(157, 50, NULL, ' Які ключові моменти можуть вплинути на успіх команд у турнірі?\n\nКомандна хімія, стратегічні рішення та адаптація до мети гри стануть визначальними. Гравці, які можуть зберегти спокій під тиском, мають перевагу.\n\nЩо означає цей розклад для спільноти Apex Legends?\n\nРозклад є важливою частиною для спільноти, оскільки він дозволяє фанатам стежити за розвитком подій та активно підтримувати свої улюблені команди.\n\nЯкі ключові моменти можуть вплинути на успіх команд у турнірі?\n\nКомандна хімія, стратег', '2024-10-22 13:48:16', 0, 0, 68),
(158, 50, NULL, '         sdsd', '2024-10-22 13:50:49', 0, 1, 68),
(159, 50, NULL, '                           s   f      f f', '2024-10-22 13:52:11', 1, 0, 68),
(160, 50, NULL, 'ddddsd', '2024-10-22 13:53:15', 0, 1, 68),
(161, NULL, 24, ' test comment to match', '2024-10-23 13:23:34', 3, 0, 68),
(162, NULL, 14, ' fuck russia ', '2024-10-23 13:33:49', 1, 0, 68),
(163, NULL, 14, ' упукпйу', '2024-10-23 14:00:11', 0, 0, 68),
(168, 37, NULL, ' fdssa', '2024-10-23 23:28:04', 1, 0, 68),
(169, 37, NULL, ' fsad', '2024-10-23 23:30:20', 0, 0, 68),
(171, NULL, 34, ' fdsa', '2024-10-23 23:32:21', 1, 0, 68),
(172, NULL, 34, ' fsad', '2024-10-23 23:32:25', 1, 0, 68),
(173, NULL, 34, ' fsadsad', '2024-10-23 23:32:28', 1, 0, 68),
(174, NULL, 35, ' sadf\n', '2024-10-23 23:39:37', 0, 0, 68),
(175, NULL, 24, ' sdffds', '2024-10-26 13:13:16', 0, 1, 68),
(176, NULL, 24, ' 123e', '2024-10-26 13:13:32', 0, 1, 68),
(177, NULL, 111, ' 2134', '2024-10-30 13:06:06', 0, 1, 68),
(178, NULL, NULL, ' 2134', '2024-11-03 01:31:49', 0, 0, 68),
(179, NULL, NULL, ' asdcxz', '2024-11-03 01:56:20', 0, 0, 68),
(180, NULL, NULL, ' 1234', '2024-11-03 02:05:11', 0, 0, 68),
(181, NULL, NULL, ' 1234', '2024-11-03 02:06:38', 0, 0, 68),
(182, NULL, NULL, ' 2134', '2024-11-03 02:06:51', 0, 0, 68),
(183, NULL, NULL, ' 23123', '2024-11-03 02:08:19', 0, 0, 68),
(184, NULL, NULL, ' 4213', '2024-11-03 02:08:26', 0, 0, 68),
(185, NULL, NULL, ' 1234', '2024-11-03 02:08:35', 0, 0, 68),
(186, NULL, NULL, ' 1234', '2024-11-03 02:08:52', 0, 0, 68),
(187, NULL, NULL, ' 1234', '2024-11-03 02:09:04', 0, 0, 68),
(188, NULL, NULL, ' 2134', '2024-11-03 02:09:12', 0, 0, 68),
(189, NULL, NULL, ' 1233123', '2024-11-03 02:10:59', 0, 0, 68),
(190, NULL, NULL, ' 1233123', '2024-11-03 02:11:07', 0, 0, 68),
(191, 37, NULL, ' 2134', '2024-11-03 02:13:17', 0, 0, 68),
(192, 37, NULL, ' 2134', '2024-11-03 02:13:25', 0, 0, 68),
(193, 37, NULL, ' 4123', '2024-11-03 02:13:47', 0, 0, 68),
(194, 37, NULL, ' asdf', '2024-11-03 02:15:25', 0, 0, 68),
(195, 37, NULL, ' asdf', '2024-11-03 02:15:33', 1, 0, 68),
(196, 37, NULL, ' asdf', '2024-11-03 02:15:34', 0, 0, 68),
(197, 37, NULL, ' asdf', '2024-11-03 02:15:35', 0, 0, 68),
(198, 37, NULL, ' fsda', '2024-11-03 02:15:39', 0, 0, 68),
(199, 37, NULL, ' asdf', '2024-11-03 02:16:49', 0, 0, 68),
(200, 37, NULL, ' 1234', '2024-11-03 02:17:35', 0, 0, 68),
(201, 37, NULL, ' 1234', '2024-11-03 02:19:47', 0, 0, 68),
(202, 37, NULL, ' 1234', '2024-11-03 02:20:06', 0, 0, 68),
(203, 37, NULL, ' 1234', '2024-11-03 02:21:12', 1, 0, 68),
(204, 37, NULL, ' 1234', '2024-11-03 02:22:19', 0, 0, 68),
(205, 37, NULL, ' 2134213', '2024-11-03 02:22:33', 0, 0, 68),
(206, 37, NULL, ' 2134213', '2024-11-03 02:22:37', 0, 0, 68),
(207, 37, NULL, ' 2134213', '2024-11-03 02:22:38', 0, 0, 68),
(208, 37, NULL, ' 2134213', '2024-11-03 02:22:39', 0, 0, 68),
(209, 37, NULL, ' 2134213', '2024-11-03 02:22:39', 0, 0, 68),
(210, 37, NULL, ' 2134213', '2024-11-03 02:22:39', 0, 0, 68),
(211, 37, NULL, ' 2134213', '2024-11-03 02:22:40', 0, 0, 68),
(212, 37, NULL, ' 2134213', '2024-11-03 02:22:40', 0, 0, 68),
(213, 37, NULL, ' 2134213', '2024-11-03 02:22:40', 0, 0, 68),
(214, 37, NULL, ' 2134213', '2024-11-03 02:22:40', 1, 0, 68),
(215, 37, NULL, ' 2134213', '2024-11-03 02:22:41', 1, 0, 68),
(216, 37, NULL, ' 2134213', '2024-11-03 02:22:41', 0, 0, 68),
(217, 37, NULL, ' 2134213', '2024-11-03 02:22:41', 0, 0, 68),
(218, 37, NULL, ' 2134213', '2024-11-03 02:22:41', 0, 0, 68),
(219, 37, NULL, ' 2134213', '2024-11-03 02:22:41', 0, 0, 68),
(220, 37, NULL, ' 2134213', '2024-11-03 02:22:42', 1, 0, 68),
(221, 37, NULL, ' 2134213', '2024-11-03 02:22:42', 0, 0, 68),
(222, 37, NULL, ' 2134213', '2024-11-03 02:22:42', 0, 0, 68),
(223, 37, NULL, ' 2134213', '2024-11-03 02:22:42', 0, 0, 68),
(224, 37, NULL, ' 2134213', '2024-11-03 02:22:42', 0, 0, 68),
(225, 37, NULL, ' 2134213', '2024-11-03 02:22:42', 0, 0, 68),
(226, 37, NULL, ' 2134213', '2024-11-03 02:22:43', 0, 0, 68),
(227, 37, NULL, ' 2134213', '2024-11-03 02:22:43', 0, 0, 68),
(228, 37, NULL, ' 2134213', '2024-11-03 02:22:43', 0, 0, 68),
(229, 37, NULL, ' 2134213', '2024-11-03 02:22:43', 0, 0, 68),
(230, 37, NULL, ' 2134213', '2024-11-03 02:22:43', 0, 0, 68),
(231, 37, NULL, ' 2134213', '2024-11-03 02:22:44', 0, 0, 68),
(232, 37, NULL, ' 2134213', '2024-11-03 02:22:44', 0, 0, 68),
(233, 37, NULL, ' 2134213', '2024-11-03 02:22:44', 0, 0, 68),
(234, 37, NULL, ' 2134213', '2024-11-03 02:22:44', 0, 0, 68),
(235, 37, NULL, ' 2134213', '2024-11-03 02:22:44', 0, 0, 68),
(236, 37, NULL, ' sadfsd', '2024-11-03 02:23:07', 0, 0, 68),
(237, 37, NULL, ' sadfsd', '2024-11-03 02:23:08', 0, 0, 68),
(238, 37, NULL, ' sadfsd', '2024-11-03 02:23:08', 0, 0, 68),
(239, 37, NULL, ' sadfsd', '2024-11-03 02:23:09', 0, 0, 68),
(240, 37, NULL, ' sadfsd', '2024-11-03 02:23:09', 0, 0, 68),
(241, 37, NULL, ' sadfsd', '2024-11-03 02:23:09', 0, 0, 68),
(242, 37, NULL, ' sadfsd', '2024-11-03 02:23:09', 0, 0, 68),
(243, 37, NULL, ' sadfsd', '2024-11-03 02:23:09', 0, 0, 68),
(244, 37, NULL, ' sadfsd', '2024-11-03 02:26:21', 0, 0, 68),
(245, 37, NULL, '', '2024-11-03 02:26:29', 0, 0, 68),
(246, 37, NULL, 'asdf', '2024-11-03 02:27:27', 0, 0, 68),
(247, 37, NULL, 'asdf', '2024-11-03 02:27:31', 0, 0, 68),
(248, 37, NULL, 'sadf', '2024-11-03 02:27:32', 0, 0, 68),
(249, 37, NULL, 'sadf', '2024-11-03 02:27:35', 0, 0, 68),
(250, 37, NULL, 'sadf', '2024-11-03 02:27:36', 1, 0, 68),
(251, NULL, 36, ' 1234', '2024-11-03 02:29:34', 0, 0, 68),
(252, NULL, 36, 'asdf', '2024-11-03 02:29:37', 0, 0, 68),
(253, NULL, 36, 'asd12', '2024-11-03 02:29:40', 0, 0, 68),
(254, NULL, 36, 'dsaf', '2024-11-03 02:29:42', 0, 0, 68),
(255, NULL, 36, 'фіва', '2024-11-03 02:30:44', 0, 0, 68),
(256, NULL, 36, 'іфва', '2024-11-03 02:30:47', 0, 0, 68),
(257, 37, NULL, ' sdfdsa', '2024-11-03 02:32:13', 1, 0, 68),
(258, NULL, 52, ' 2134', '2024-11-03 02:32:36', 0, 0, 68),
(259, NULL, 52, ' 2134', '2024-11-03 02:33:25', 0, 0, 68),
(260, NULL, 52, '2134', '2024-11-03 02:33:34', 0, 0, 68),
(261, NULL, 52, 'sadf', '2024-11-03 02:33:37', 0, 0, 68),
(262, NULL, 52, '1234', '2024-11-03 02:34:52', 0, 0, 68),
(263, NULL, 52, '4213', '2024-11-03 02:34:59', 0, 0, 68),
(264, NULL, 52, '1234', '2024-11-03 02:36:07', 0, 0, 68),
(265, NULL, 52, ' 123віф', '2024-11-03 02:36:22', 0, 0, 68),
(266, NULL, 52, 'іфва', '2024-11-03 02:36:40', 0, 0, 68),
(267, NULL, 52, 'іфав', '2024-11-03 02:36:42', 0, 0, 68),
(268, 38, NULL, ' 1234', '2024-11-03 21:43:40', 1, 0, 68),
(269, 38, NULL, ' 1234', '2024-11-03 21:44:02', 0, 0, 68),
(270, 38, NULL, '1234', '2024-11-03 21:49:19', 1, 0, 68),
(271, 38, NULL, ' 2134', '2024-11-03 21:52:47', 0, 0, 68),
(272, 38, NULL, ' 1234', '2024-11-03 21:54:45', 0, 0, 68),
(273, 38, NULL, '1234 ', '2024-11-03 21:55:09', 0, 0, 68),
(274, 38, NULL, ' 1234', '2024-11-03 21:56:09', 0, 0, 68),
(275, 38, NULL, ' 1242', '2024-11-03 21:56:46', 1, 0, 68),
(276, 38, NULL, ' 1234', '2024-11-03 21:57:15', 0, 0, 68),
(277, 38, NULL, ' 1234', '2024-11-03 21:57:46', 0, 0, 68),
(278, 38, NULL, ' 2134', '2024-11-03 22:00:22', 1, 0, 68),
(279, NULL, 25, ' 1234', '2024-11-03 22:12:46', 2, 0, 68),
(280, NULL, 25, ' 1234', '2024-11-03 22:13:02', 1, 1, 68),
(281, NULL, 25, ' 1234', '2024-11-03 22:21:16', 0, 1, 68),
(282, NULL, 25, ' asdf', '2024-11-03 22:21:44', 0, 0, 68),
(283, 52, NULL, ' sadf', '2024-11-03 22:49:41', 0, 0, 68),
(284, 52, NULL, ' fsad', '2024-11-03 22:50:03', 0, 0, 68),
(285, 52, NULL, ' sadf', '2024-11-03 22:50:23', 0, 1, 68),
(286, 52, NULL, ' fdsasd', '2024-11-03 22:51:15', 0, 1, 68),
(287, 52, NULL, ' fsadf', '2024-11-03 22:51:33', 1, 0, 68),
(288, 56, NULL, ' 231123', '2024-11-03 23:00:48', 1, 0, 68),
(289, 56, NULL, '1234 ', '2024-11-03 23:01:06', 1, 0, 68),
(290, 56, NULL, ' 1234', '2024-11-03 23:01:18', 1, 0, 68),
(291, 56, NULL, '2134', '2024-11-03 23:01:19', 1, 0, 68),
(292, NULL, 35, ' 1234', '2024-11-03 23:01:42', 0, 0, 68),
(293, NULL, 35, '1234', '2024-11-03 23:01:43', 0, 0, 68),
(294, NULL, 35, ' 1234', '2024-11-03 23:01:57', 0, 1, 68),
(295, NULL, 35, ' 1234', '2024-11-03 23:02:04', 1, 0, 68),
(296, NULL, 35, ' 3213', '2024-11-03 23:02:12', 1, 0, 68),
(297, NULL, 40, ' 1234', '2024-11-03 23:03:07', 1, 0, 68),
(298, NULL, 40, ' 1234', '2024-11-03 23:03:19', 1, 0, 68),
(299, NULL, 40, ' 1234', '2024-11-03 23:03:28', 0, 1, 68),
(300, NULL, 40, '2134', '2024-11-03 23:03:31', 0, 1, 68),
(301, NULL, 39, ' 1234', '2024-11-03 23:03:58', 1, 0, 68),
(302, NULL, 39, ' 1234', '2024-11-03 23:04:05', 1, 0, 68),
(303, NULL, 43, ' 1234', '2024-11-03 23:05:19', 0, 0, 68),
(304, NULL, 43, ' 1234', '2024-11-03 23:09:50', 0, 0, 68),
(305, NULL, 43, ' 1234442324', '2024-11-03 23:10:28', 1, 0, 68),
(306, NULL, 43, '1234', '2024-11-03 23:11:25', 1, 0, 68),
(307, NULL, 144, ' 1234213', '2024-11-03 23:11:58', 1, 0, 68),
(308, NULL, 144, '4213', '2024-11-03 23:12:00', 1, 0, 68),
(309, NULL, 151, ' 1234', '2024-11-03 23:12:18', 0, 0, 68),
(310, NULL, 151, ' 1234', '2024-11-03 23:15:49', 1, 0, 68),
(311, NULL, 151, ' 1234', '2024-11-03 23:15:57', 1, 0, 68),
(312, NULL, 151, '1234', '2024-11-03 23:16:00', 1, 0, 68),
(313, NULL, 149, ' 1234', '2024-11-03 23:27:31', 1, 0, 68),
(314, NULL, 149, ' 1234', '2024-11-03 23:27:44', 1, 0, 68),
(315, NULL, 149, ' 1234', '2024-11-03 23:27:55', 1, 0, 68),
(316, NULL, 149, '1234', '2024-11-03 23:28:59', 1, 0, 68),
(317, NULL, 149, ' 1234', '2024-11-03 23:29:39', 1, 0, 68),
(318, NULL, 149, ' 1234', '2024-11-03 23:30:59', 0, 0, 68),
(319, NULL, 149, ' 1234', '2024-11-03 23:31:34', 1, 0, 68),
(320, NULL, 150, '1234 ', '2024-11-03 23:31:57', 1, 0, 68),
(321, NULL, 150, ' 1234', '2024-11-03 23:32:45', 1, 0, 68),
(322, NULL, 150, ' 4213', '2024-11-03 23:32:51', 1, 0, 68),
(323, NULL, 150, '4213', '2024-11-03 23:32:53', 1, 0, 68),
(324, NULL, 124, ' 1234', '2024-11-03 23:34:07', 0, 0, 68),
(325, NULL, 124, '1234', '2024-11-03 23:34:09', 0, 0, 68),
(326, 55, NULL, ' 1234', '2024-11-03 23:58:06', 1, 0, 68),
(327, 37, NULL, ' 1234', '2024-11-04 00:11:08', 0, 0, 68),
(328, NULL, 24, ' 124213', '2024-11-04 00:19:26', 0, 1, 68),
(329, NULL, 45, ' 1234', '2024-11-04 12:17:57', 0, 1, 68),
(362, NULL, 25, ' 1234', '2024-11-04 13:59:43', 0, 0, 66),
(363, NULL, 25, ' 123421341232', '2024-11-04 13:59:46', 0, 0, 66),
(364, NULL, 25, ' 2134', '2024-11-04 13:59:53', 0, 0, 66),
(367, NULL, 144, ' 1234', '2024-11-04 14:25:09', 0, 0, 66),
(368, NULL, 24, ' asdf213', '2024-11-04 16:09:08', 0, 0, 66),
(369, NULL, 24, ' asdf', '2024-11-04 16:10:15', 0, 0, 66),
(371, NULL, 114, ' 324213', '2024-11-04 16:38:06', 1, 0, 66),
(372, NULL, 31, ' 1234', '2024-11-04 20:37:46', 0, 0, 66),
(373, NULL, 31, ' 1234', '2024-11-04 20:37:49', 0, 0, 66),
(374, NULL, 31, ' 1234', '2024-11-04 20:37:52', 0, 0, 66),
(382, 53, NULL, ' dsad12354356456', '2024-11-09 12:48:10', 0, 0, 66);

-- --------------------------------------------------------

--
-- Table structure for table `games`
--

CREATE TABLE `games` (
  `id` int(11) NOT NULL,
  `image_src` varchar(255) DEFAULT NULL,
  `name` varchar(255) DEFAULT NULL,
  `views` int(11) NOT NULL
) ENGINE=InnoDB DEFAULT CHARSET=utf8mb4 COLLATE=utf8mb4_unicode_ci;

-- --------------------------------------------------------

--
-- Table structure for table `games_list`
--

CREATE TABLE `games_list` (
  `id` int(11) NOT NULL,
  `name` varchar(255) DEFAULT NULL,
  `ImageSrc` varchar(100) NOT NULL,
  `views` int(11) NOT NULL,
  `min_logo` varchar(255) DEFAULT NULL,
  `image_src` varchar(255) DEFAULT NULL
) ENGINE=InnoDB DEFAULT CHARSET=utf8mb4 COLLATE=utf8mb4_general_ci;

--
-- Dumping data for table `games_list`
--

INSERT INTO `games_list` (`id`, `name`, `ImageSrc`, `views`, `min_logo`, `image_src`) VALUES
(1, 'Counter-Strike 2', 'img/Games/Counter-Strike2.png', 80, 'img/GamesMiniLogo/counterstrike.png', NULL),
(2, 'Call of Duty Warzone', 'img/Games/CallofDuty-Warzone.png', 88, 'img/GamesMiniLogo/CallofDuty-Warzone.png', NULL),
(3, 'Dota 2', 'img/Games/Dota2.png', 123, 'img/GamesMiniLogo/Dota2.png', NULL),
(4, 'FIFA киберспорт', 'img/Games/FIFA.png', 12, 'img/GamesMiniLogo/FIFA.png', NULL),
(5, 'Halo Infinite', 'img/Games/HaloInfinite.png', 12, 'img/GamesMiniLogo/HaloInfinite.png', NULL),
(6, 'League of Legends Wild Rift', 'img/Games/LeagueofLegends-WildRift.png', 11, 'img/GamesMiniLogo/LeagueofLegends-WildRift.png', NULL),
(7, 'League of Legends', 'img/Games/LeagueofLegends.png', 11, 'img/GamesMiniLogo/LeagueofLegends.png', NULL),
(8, 'Overwatch 2', 'img/Games/Overwatch2.png', 11, 'img/GamesMiniLogo/Overwatch2.png', NULL),
(9, 'PlayerUnknown\'s Battlegrounds', 'img/Games/PlayerUnknown\'sBattlegrounds.png', 34, 'img/GamesMiniLogo/PlayerUnknown\'sBattlegrounds.png', NULL),
(10, 'Pokkén Tournament', 'img/Games/PokkenTournament.png', 67, 'img/GamesMiniLogo/PokkenTournament.png', NULL),
(11, 'Rocket League', 'img/Games/RocketLeague.png', 34, 'img/GamesMiniLogo/RocketLeague.png', NULL),
(12, 'Tom Clancy’s Rainbow Six Siege', 'img/Games/TomClancysRainbowSixSiege.png', 87, 'img/GamesMiniLogo/RainbowSixSiege.png', NULL),
(13, 'Valorant', 'img/Games/Valorant.png', 23, 'img/GamesMiniLogo/Valorant.png', NULL),
(14, 'Deadlock', 'img/Games/Default.jpg', 4, 'img/GamesMiniLogo/Default.png', NULL);

-- --------------------------------------------------------

--
-- Table structure for table `matches`
--

CREATE TABLE `matches` (
  `MatchID` int(11) NOT NULL,
  `Place` varchar(255) DEFAULT NULL,
  `Team1ID` int(11) DEFAULT NULL,
  `Team1Coef` decimal(5,2) DEFAULT NULL,
  `Team2ID` int(11) DEFAULT NULL,
  `Team2Coef` decimal(5,2) DEFAULT NULL,
  `VsDate` date DEFAULT NULL,
  `time` time(6) NOT NULL,
  `Team1Score` tinyint(11) DEFAULT NULL,
  `Team2Score` tinyint(11) DEFAULT NULL,
  `game_id` int(11) NOT NULL,
  `season` varchar(50) NOT NULL,
  `status` enum('pending','ongoing','finished') DEFAULT 'pending'
) ENGINE=InnoDB DEFAULT CHARSET=utf8mb4 COLLATE=utf8mb4_general_ci;

--
-- Dumping data for table `matches`
--

INSERT INTO `matches` (`MatchID`, `Place`, `Team1ID`, `Team1Coef`, `Team2ID`, `Team2Coef`, `VsDate`, `time`, `Team1Score`, `Team2Score`, `game_id`, `season`, `status`) VALUES
(14, 'New York', 20, 1.50, 26, 2.50, '2024-10-12', '15:00:00.000000', 2, 3, 1, 'CS:GO Major Championships 2024', 'pending'),
(15, 'Berlin', 7, 1.80, 9, 2.00, '2024-10-13', '16:30:00.000000', 2, 3, 1, 'CS:GO Major Championships 2024', 'pending'),
(16, 'Kyiv', 9, 1.70, 7, 1.90, '2024-10-14', '17:45:00.000000', 1, 1, 1, 'CS:GO Major Championships 2024', 'pending'),
(17, 'Los Angeles', 19, 1.60, 18, 2.10, '2024-10-15', '18:15:00.000000', 1, 2, 1, 'CS:GO Major Championships 2024', 'pending'),
(18, 'Tokyo', 5, 1.40, 22, 2.30, '2024-10-16', '19:00:00.000000', 2, 3, 1, 'CS:GO Major Championships 2024', 'pending'),
(19, 'Paris', 16, 1.30, 8, 2.60, '2024-10-17', '20:30:00.000000', 3, 1, 1, 'CS:GO Major Championships 2024', 'pending'),
(20, 'London', 17, 1.90, 16, 1.70, '2024-10-18', '14:00:00.000000', 3, 1, 1, 'CS:GO Major Championships 2024', 'pending'),
(21, 'Moscow', 14, 1.50, 15, 2.40, '2024-10-19', '15:00:00.000000', 2, 3, 1, 'CS:GO Major Championships 2024', 'pending'),
(23, 'Toronto', 25, 1.80, 23, 2.10, '2024-10-21', '19:00:00.000000', 3, 1, 1, 'CS:GO Major Championships 2024', 'finished'),
(24, 'Los Angeles', 12, 1.55, 8, 2.45, '2024-10-22', '18:00:00.000000', 3, 2, 2, 'The International 2024', 'ongoing'),
(25, 'Miami', 15, 1.65, 4, 1.85, '2024-10-23', '19:30:00.000000', 3, 2, 2, 'The International 2024', 'finished'),
(26, 'London', 20, 1.70, 3, 1.90, '2024-10-24', '20:00:00.000000', 1, 2, 2, 'The International 2024', 'pending'),
(27, 'Tokyo', 23, 1.80, 55, 2.00, '2024-10-25', '15:30:00.000000', 1, 2, 2, 'The International 2024', 'pending'),
(28, 'Berlin', 24, 1.40, 17, 2.30, '2024-10-26', '16:45:00.000000', 1, 3, 2, 'The International 2024', 'pending'),
(29, 'Paris', 22, 1.30, 16, 2.60, '2024-10-27', '17:00:00.000000', 3, 3, 2, 'The International 2024', 'pending'),
(30, 'Seoul', 23, 1.90, 26, 1.70, '2024-10-28', '18:15:00.000000', 3, 1, 2, 'The International 2024', 'pending'),
(31, 'Toronto', 17, 1.55, 26, 2.45, '2024-10-29', '19:30:00.000000', 3, 1, 2, 'The International 2024', 'pending'),
(32, 'Chicago', 9, 1.80, 9, 2.00, '2024-10-30', '20:00:00.000000', 1, 3, 2, 'The International 2024', 'pending'),
(33, 'New York', 4, 1.75, 15, 1.85, '2024-10-31', '21:00:00.000000', 1, 2, 2, 'The International 2024', 'finished'),
(34, 'Shanghai', 3, 1.60, 22, 2.40, '2024-10-22', '15:00:00.000000', 2, 1, 3, 'Dota 2 The International 2024', 'pending'),
(35, 'Kuala Lumpur', 8, 1.75, 25, 1.95, '2024-10-23', '16:30:00.000000', 3, 1, 3, 'Dota 2 The International 2024', 'ongoing'),
(36, 'Moscow', 16, 1.50, 18, 2.20, '2024-10-24', '17:45:00.000000', 2, 2, 3, 'Dota 2 The International 2024', 'pending'),
(37, 'Berlin', 21, 1.85, 7, 1.90, '2024-10-25', '18:15:00.000000', 1, 2, 3, 'Dota 2 The International 2024', 'pending'),
(38, 'Tokyo', 20, 1.45, 12, 2.55, '2024-10-26', '19:00:00.000000', 3, 1, 3, 'Dota 2 The International 2024', 'pending'),
(39, 'Dubai', 19, 1.70, 11, 1.85, '2024-10-27', '20:30:00.000000', 2, 2, 3, 'Dota 2 The International 2024', 'pending'),
(40, 'Singapore', 22, 1.80, 4, 2.00, '2024-10-28', '14:00:00.000000', 3, 2, 3, 'Dota 2 The International 2024', 'pending'),
(42, 'Manila', 5, 1.60, 9, 2.40, '2024-10-30', '16:00:00.000000', 3, 2, 3, 'Dota 2 The International 2024', 'pending'),
(43, 'Bangkok', 9, 1.70, 25, 2.30, '2024-10-31', '17:00:00.000000', 1, 1, 3, 'Dota 2 The International 2024', 'pending'),
(44, 'London', 26, 1.50, 12, 2.50, '2024-10-22', '15:00:00.000000', 3, 1, 4, 'FIFA eWorld Cup 2024', 'pending'),
(45, 'Madrid', 22, 1.80, 21, 2.00, '2024-10-23', '16:30:00.000000', 2, 3, 4, 'FIFA eWorld Cup 2024', 'pending'),
(46, 'Rome', 14, 1.70, 8, 1.90, '2024-10-24', '17:45:00.000000', 2, 2, 4, 'FIFA eWorld Cup 2024', 'pending'),
(47, 'Berlin', 3, 1.60, 16, 2.10, '2024-10-25', '18:15:00.000000', 2, 3, 4, 'FIFA eWorld Cup 2024', 'pending'),
(48, 'Paris', 7, 1.40, 21, 2.30, '2024-10-26', '19:00:00.000000', 1, 3, 4, 'FIFA eWorld Cup 2024', 'pending'),
(49, 'Buenos Aires', 23, 1.30, 7, 2.60, '2024-10-27', '20:30:00.000000', 1, 2, 4, 'FIFA eWorld Cup 2024', 'pending'),
(50, 'Sao Paulo', 19, 1.90, 22, 1.70, '2024-10-28', '14:00:00.000000', 2, 3, 4, 'FIFA eWorld Cup 2024', 'pending'),
(51, 'Sydney', 4, 1.50, 19, 2.40, '2024-10-29', '15:00:00.000000', 1, 3, 4, 'FIFA eWorld Cup 2024', 'pending'),
(52, 'Cape Town', 11, 1.20, 3, 3.00, '2024-10-30', '17:00:00.000000', 2, 2, 4, 'FIFA eWorld Cup 2024', 'pending'),
(53, 'Los Angeles', 23, 1.80, 10, 2.10, '2024-10-31', '19:00:00.000000', 2, 3, 4, 'FIFA eWorld Cup 2024', 'pending'),
(54, 'Los Angeles', 4, 1.50, 19, 2.50, '2024-10-22', '15:00:00.000000', 3, 1, 5, 'Halo Infinite Championship 2024', 'pending'),
(55, 'San Francisco', 8, 1.65, 17, 1.85, '2024-10-23', '16:30:00.000000', 3, 3, 5, 'Halo Infinite Championship 2024', 'pending'),
(56, 'Berlin', 12, 1.70, 5, 1.90, '2024-10-24', '17:45:00.000000', 3, 3, 5, 'Halo Infinite Championship 2024', 'pending'),
(57, 'Tokyo', 3, 1.80, 11, 2.00, '2024-10-25', '18:15:00.000000', 1, 3, 5, 'Halo Infinite Championship 2024', 'pending'),
(58, 'Seoul', 14, 1.40, 26, 2.30, '2024-10-26', '19:00:00.000000', 3, 3, 5, 'Halo Infinite Championship 2024', 'pending'),
(59, 'Bangkok', 17, 1.30, 10, 2.60, '2024-10-27', '20:30:00.000000', 1, 3, 5, 'Halo Infinite Championship 2024', 'pending'),
(60, 'Singapore', 21, 1.90, 25, 1.70, '2024-10-28', '14:00:00.000000', 2, 3, 5, 'Halo Infinite Championship 2024', 'pending'),
(61, 'Paris', 25, 1.55, 4, 2.45, '2024-10-29', '15:00:00.000000', 3, 1, 5, 'Halo Infinite Championship 2024', 'pending'),
(62, 'Moscow', 26, 1.80, 20, 2.00, '2024-10-30', '16:00:00.000000', 2, 2, 5, 'Halo Infinite Championship 2024', 'pending'),
(63, 'Madrid', 14, 1.75, 15, 1.85, '2024-10-31', '17:00:00.000000', 1, 2, 5, 'Halo Infinite Championship 2024', 'pending'),
(64, 'Los Angeles', 21, 1.60, 4, 2.40, '2024-10-22', '15:00:00.000000', 3, 1, 6, 'League of Legends Worlds 2024', 'pending'),
(65, 'San Francisco', 8, 1.75, 14, 1.95, '2024-10-23', '16:30:00.000000', 3, 1, 6, 'League of Legends Worlds 2024', 'pending'),
(66, 'London', 11, 1.50, 13, 2.20, '2024-10-24', '17:45:00.000000', 2, 3, 6, 'League of Legends Worlds 2024', 'pending'),
(67, 'New York', 5, 1.85, 5, 1.90, '2024-10-25', '18:15:00.000000', 3, 1, 6, 'League of Legends Worlds 2024', 'pending'),
(68, 'Toronto', 6, 1.45, 12, 2.55, '2024-10-26', '19:00:00.000000', 2, 2, 6, 'League of Legends Worlds 2024', 'pending'),
(69, 'Paris', 7, 1.70, 9, 1.85, '2024-10-27', '20:30:00.000000', 2, 1, 6, 'League of Legends Worlds 2024', 'pending'),
(70, 'Berlin', 10, 1.80, 24, 2.00, '2024-10-28', '14:00:00.000000', 3, 1, 6, 'League of Legends Worlds 2024', 'pending'),
(71, 'Tokyo', 7, 1.90, 5, 2.10, '2024-10-29', '15:00:00.000000', 3, 3, 6, 'League of Legends Worlds 2024', 'pending'),
(72, 'Moscow', 22, 1.60, 5, 2.40, '2024-10-30', '16:00:00.000000', 3, 1, 6, 'League of Legends Worlds 2024', 'pending'),
(73, 'Shanghai', 17, 1.70, 18, 2.30, '2024-10-31', '17:00:00.000000', 3, 1, 6, 'League of Legends Worlds 2024', 'pending'),
(74, 'Dallas', 17, 1.50, 22, 2.50, '2024-10-22', '15:00:00.000000', 1, 2, 7, 'LEC Summer Split 2024', 'pending'),
(75, 'Los Angeles', 7, 1.80, 4, 2.00, '2024-10-23', '16:30:00.000000', 1, 2, 7, 'LEC Summer Split 2024', 'pending'),
(76, 'Toronto', 18, 1.70, 25, 1.90, '2024-10-24', '17:45:00.000000', 2, 2, 7, 'LEC Summer Split 2024', 'pending'),
(77, 'Seattle', 24, 1.85, 19, 1.90, '2024-10-25', '18:15:00.000000', 2, 3, 7, 'LEC Summer Split 2024', 'pending'),
(78, 'Vancouver', 22, 1.45, 10, 2.55, '2024-10-26', '19:00:00.000000', 3, 1, 7, 'LEC Summer Split 2024', 'pending'),
(79, 'Chicago', 15, 1.70, 17, 1.85, '2024-10-27', '20:30:00.000000', 1, 2, 7, 'LEC Summer Split 2024', 'pending'),
(80, 'Boston', 12, 1.80, 19, 2.00, '2024-10-28', '14:00:00.000000', 1, 2, 7, 'LEC Summer Split 2024', 'pending'),
(81, 'Shanghai', 16, 1.90, 21, 2.10, '2024-10-29', '15:00:00.000000', 2, 2, 7, 'LEC Summer Split 2024', 'pending'),
(82, 'Seoul', 17, 1.60, 18, 2.40, '2024-10-30', '16:00:00.000000', 2, 3, 7, 'LEC Summer Split 2024', 'pending'),
(83, 'Paris', 17, 1.70, 20, 2.30, '2024-10-31', '17:00:00.000000', 2, 2, 7, 'LEC Summer Split 2024', 'pending'),
(84, 'Los Angeles', 18, 1.50, 21, 2.50, '2024-10-22', '15:00:00.000000', 3, 1, 8, 'Overwatch League Season 2024', 'pending'),
(85, 'San Francisco', 22, 1.65, 15, 1.85, '2024-10-23', '16:30:00.000000', 1, 2, 8, 'Overwatch League Season 2024', 'pending'),
(86, 'London', 8, 1.70, 26, 1.90, '2024-10-24', '17:45:00.000000', 3, 3, 8, 'Overwatch League Season 2024', 'pending'),
(87, 'Tokyo', 22, 1.80, 19, 2.00, '2024-10-25', '18:15:00.000000', 3, 1, 8, 'Overwatch League Season 2024', 'pending'),
(88, 'Berlin', 12, 1.40, 11, 2.30, '2024-10-26', '19:00:00.000000', 2, 1, 8, 'Overwatch League Season 2024', 'pending'),
(89, 'Moscow', 10, 1.30, 17, 2.60, '2024-10-27', '20:30:00.000000', 1, 2, 8, 'Overwatch League Season 2024', 'pending'),
(90, 'Dubai', 17, 1.90, 9, 1.70, '2024-10-28', '14:00:00.000000', 2, 3, 8, 'Overwatch League Season 2024', 'pending'),
(91, 'Paris', 11, 1.55, 8, 2.45, '2024-10-29', '15:00:00.000000', 3, 2, 8, 'Overwatch League Season 2024', 'pending'),
(92, 'Singapore', 11, 1.80, 15, 2.00, '2024-10-30', '16:00:00.000000', 2, 3, 8, 'Overwatch League Season 2024', 'pending'),
(93, 'São Paulo', 5, 1.75, 4, 1.85, '2024-10-31', '17:00:00.000000', 1, 2, 8, 'Overwatch League Season 2024', 'pending'),
(94, 'Toronto', 26, 1.50, 23, 2.50, '2024-10-22', '15:00:00.000000', 1, 3, 9, 'PUBG Global Championship 2024', 'pending'),
(96, 'New York', 7, 1.70, 7, 1.90, '2024-10-24', '17:45:00.000000', 1, 1, 9, 'PUBG Global Championship 2024', 'pending'),
(97, 'Moscow', 20, 1.80, 13, 2.00, '2024-10-25', '18:15:00.000000', 3, 1, 9, 'PUBG Global Championship 2024', 'pending'),
(98, 'London', 9, 1.40, 18, 2.30, '2024-10-26', '19:00:00.000000', 2, 3, 9, 'PUBG Global Championship 2024', 'pending'),
(99, 'Berlin', 17, 1.30, 23, 2.60, '2024-10-27', '20:30:00.000000', 2, 3, 9, 'PUBG Global Championship 2024', 'pending'),
(102, 'Berlin', 8, 1.80, 6, 2.00, '2024-10-30', '16:00:00.000000', 1, 2, 9, 'PUBG Global Championship 2024', 'pending'),
(103, 'São Paulo', 17, 1.75, 6, 1.85, '2024-10-31', '17:00:00.000000', 1, 2, 9, 'PUBG Global Championship 2024', 'pending'),
(104, 'Los Angeles', 11, 1.50, 20, 2.50, '2024-12-01', '15:00:00.000000', 3, 2, 10, 'Pokkén Tournament Championship 2024', 'pending'),
(105, 'Berlin', 15, 1.65, 26, 1.85, '2024-12-02', '16:30:00.000000', 2, 1, 10, 'Pokkén Tournament Championship 2024', 'pending'),
(106, 'Toronto', 22, 1.70, 14, 1.90, '2024-12-03', '17:45:00.000000', 2, 1, 10, 'Pokkén Tournament Championship 2024', 'pending'),
(107, 'Tokyo', 25, 1.80, 10, 2.00, '2024-12-04', '18:15:00.000000', 3, 1, 10, 'Pokkén Tournament Championship 2024', 'pending'),
(108, 'London', 21, 1.40, 16, 2.30, '2024-12-05', '19:00:00.000000', 3, 2, 10, 'Pokkén Tournament Championship 2024', 'pending'),
(109, 'Paris', 14, 1.30, 6, 2.60, '2024-12-06', '20:30:00.000000', 1, 3, 10, 'Pokkén Tournament Championship 2024', 'pending'),
(110, 'San Francisco', 19, 1.90, 13, 1.70, '2024-12-07', '14:00:00.000000', 1, 2, 10, 'Pokkén Tournament Championship 2024', 'pending'),
(111, 'São Paulo', 7, 1.55, 25, 2.45, '2024-12-08', '15:00:00.000000', 2, 2, 10, 'Pokkén Tournament Championship 2024', 'pending'),
(112, 'Moscow', 4, 1.80, 11, 2.00, '2024-12-09', '16:00:00.000000', 1, 2, 10, 'Pokkén Tournament Championship 2024', 'pending'),
(113, 'Dublin', 19, 1.75, 13, 1.85, '2024-12-10', '17:00:00.000000', 1, 3, 10, 'Pokkén Tournament Championship 2024', 'pending'),
(114, 'Tokyo', 13, 1.50, 6, 2.50, '2024-12-11', '15:00:00.000000', 3, 1, 11, 'Rocket League Championship Series 2024', 'pending'),
(115, 'Los Angeles', 26, 1.65, 16, 1.85, '2024-12-12', '16:30:00.000000', 1, 1, 11, 'Rocket League Championship Series 2024', 'pending'),
(116, 'Paris', 17, 1.70, 22, 1.90, '2024-12-13', '17:45:00.000000', 1, 3, 11, 'Rocket League Championship Series 2024', 'pending'),
(117, 'London', 19, 1.80, 16, 2.00, '2024-12-14', '18:15:00.000000', 3, 1, 11, 'Rocket League Championship Series 2024', 'pending'),
(118, 'Berlin', 12, 1.40, 25, 2.30, '2024-12-15', '19:00:00.000000', 1, 2, 11, 'Rocket League Championship Series 2024', 'pending'),
(120, 'São Paulo', 16, 1.90, 3, 1.70, '2024-12-17', '14:00:00.000000', 1, 3, 11, 'Rocket League Championship Series 2024', 'pending'),
(121, 'Moscow', 18, 1.55, 6, 2.45, '2024-12-18', '15:00:00.000000', 1, 3, 11, 'Rocket League Championship Series 2024', 'pending'),
(122, 'Dublin', 9, 1.80, 13, 2.00, '2024-12-19', '16:00:00.000000', 3, 2, 11, 'Rocket League Championship Series 2024', 'pending'),
(123, 'Tokyo', 8, 1.75, 16, 1.85, '2024-12-20', '17:00:00.000000', 2, 3, 11, 'Rocket League Championship Series 2024', 'pending'),
(124, 'Los Angeles', 7, 1.50, 17, 2.50, '2024-12-21', '15:00:00.000000', 2, 3, 12, 'Rainbow Six Siege Six Invitational 2024', 'pending'),
(125, 'Berlin', 24, 1.65, 10, 1.85, '2024-12-22', '16:30:00.000000', 1, 2, 12, 'Rainbow Six Siege Six Invitational 2024', 'pending'),
(126, 'Toronto', 9, 1.70, 23, 1.90, '2024-12-23', '17:45:00.000000', 1, 3, 12, 'Rainbow Six Siege Six Invitational 2024', 'pending'),
(127, 'Tokyo', 17, 1.80, 18, 2.00, '2024-12-24', '18:15:00.000000', 3, 2, 12, 'Rainbow Six Siege Six Invitational 2024', 'pending'),
(128, 'London', 23, 1.40, 15, 2.30, '2024-12-25', '19:00:00.000000', 3, 1, 12, 'Rainbow Six Siege Six Invitational 2024', 'pending'),
(129, 'Paris', 23, 1.30, 12, 2.60, '2024-12-26', '20:30:00.000000', 1, 2, 12, 'Rainbow Six Siege Six Invitational 2024', 'pending'),
(131, 'Moscow', 17, 1.55, 18, 2.45, '2024-12-28', '15:00:00.000000', 3, 2, 12, 'Rainbow Six Siege Six Invitational 2024', 'pending'),
(133, 'Los Angeles', 16, 1.50, 6, 2.50, '2024-12-30', '15:00:00.000000', 3, 3, 13, 'Valorant Champions Tour 2024', 'pending'),
(134, 'Paris', 14, 1.65, 4, 1.85, '2024-12-31', '16:30:00.000000', 3, 2, 13, 'Valorant Champions Tour 2024', 'pending'),
(135, 'Berlin', 26, 1.70, 25, 1.90, '2025-01-01', '17:45:00.000000', 3, 3, 13, 'Valorant Champions Tour 2024', 'pending'),
(136, 'Toronto', 7, 1.80, 12, 2.00, '2025-01-02', '18:15:00.000000', 2, 3, 13, 'Valorant Champions Tour 2024', 'pending'),
(137, 'Tokyo', 21, 1.40, 22, 2.30, '2025-01-03', '19:00:00.000000', 2, 2, 13, 'Valorant Champions Tour 2024', 'pending'),
(138, 'London', 10, 1.30, 22, 2.60, '2025-01-04', '20:30:00.000000', 2, 2, 13, 'Valorant Champions Tour 2024', 'pending'),
(139, 'São Paulo', 15, 1.90, 12, 1.70, '2025-01-05', '14:00:00.000000', 2, 1, 13, 'Valorant Champions Tour 2024', 'pending'),
(141, 'Moscow', 18, 1.80, 20, 2.00, '2025-01-07', '16:00:00.000000', 2, 2, 13, 'Valorant Champions Tour 2024', 'pending'),
(142, 'Toronto', 7, 1.75, 5, 1.85, '2025-01-08', '17:00:00.000000', 2, 1, 13, 'Valorant Champions Tour 2024', 'pending'),
(143, 'Los Angeles', 4, 1.50, 11, 2.50, '2025-01-09', '15:00:00.000000', 3, 1, 14, 'Deadlock Championship 2024', 'pending'),
(144, 'Tokyo', 3, 1.65, 17, 1.85, '2025-01-10', '16:30:00.000000', 2, 1, 14, 'Deadlock Championship 2024', 'pending'),
(145, 'Berlin', 9, 1.70, 12, 1.90, '2025-01-11', '17:45:00.000000', 3, 2, 14, 'Deadlock Championship 2024', 'pending'),
(146, 'London', 9, 1.80, 13, 2.00, '2025-01-12', '18:15:00.000000', 3, 2, 14, 'Deadlock Championship 2024', 'pending'),
(147, 'Madrid', 4, 1.40, 26, 2.30, '2025-01-13', '19:00:00.000000', 1, 2, 14, 'Deadlock Championship 2024', 'pending'),
(148, 'San Francisco', 10, 1.30, 8, 2.60, '2025-01-14', '20:30:00.000000', 3, 3, 14, 'Deadlock Championship 2024', 'pending'),
(149, 'São Paulo', 7, 1.90, 9, 1.70, '2025-01-15', '14:00:00.000000', 2, 2, 14, 'Deadlock Championship 2024', 'pending'),
(150, 'Moscow', 16, 1.55, 5, 2.45, '2025-01-16', '15:00:00.000000', 3, 1, 14, 'Deadlock Championship 2024', 'pending'),
(151, 'Paris', 7, 1.80, 20, 2.00, '2025-01-17', '16:00:00.000000', 2, 1, 14, 'Deadlock Championship 2024', 'pending');

--
-- Triggers `matches`
--
DELIMITER $$
CREATE TRIGGER `prevent_status_revert` BEFORE UPDATE ON `matches` FOR EACH ROW BEGIN
    -- Перевіряємо, чи статус змінюється на 'finished' або вже 'finished'
    IF NEW.status = 'finished' AND OLD.status = 'finished' THEN
        SIGNAL SQLSTATE '45000' SET MESSAGE_TEXT = 'Статус вже було змінено на finished. Зміна не дозволена.';
    END IF;
END
$$
DELIMITER ;
DELIMITER $$
CREATE TRIGGER `update_stake_after_match_finished` AFTER UPDATE ON `matches` FOR EACH ROW BEGIN
    -- Перевіряємо, чи статус змінився на 'finished'
    IF OLD.status IN ('pending', 'ongoing') AND NEW.status = 'finished' THEN
        -- Оновлюємо статус ставок в залежності від результатів матчу
        IF NEW.Team1Score > NEW.Team2Score THEN
            UPDATE stake
            SET status = 'won'
            WHERE match_id = NEW.MatchID AND team_id = NEW.Team1ID;

            UPDATE stake
            SET status = 'lost'
            WHERE match_id = NEW.MatchID AND team_id = NEW.Team2ID;
        ELSEIF NEW.Team1Score < NEW.Team2Score THEN
            UPDATE stake
            SET status = 'won'
            WHERE match_id = NEW.MatchID AND team_id = NEW.Team2ID;

            UPDATE stake
            SET status = 'lost'
            WHERE match_id = NEW.MatchID AND team_id = NEW.Team1ID;
        ELSE
            -- нічия, оновлчєм статус ставок на 'lost'
            UPDATE stake
            SET status = 'lost'
            WHERE match_id = NEW.MatchID;
        END IF;
    END IF;
END
$$
DELIMITER ;

-- --------------------------------------------------------

--
-- Table structure for table `news`
--

CREATE TABLE `news` (
  `id` int(11) NOT NULL,
  `title` varchar(255) NOT NULL,
  `author` varchar(70) DEFAULT NULL,
  `game_id` int(11) DEFAULT NULL,
  `publish_date` datetime DEFAULT current_timestamp(),
  `status` enum('draft','published','archived') DEFAULT 'draft',
  `views` int(11) DEFAULT 0,
  `likes` int(11) DEFAULT 0,
  `image_url` varchar(255) DEFAULT NULL,
  `updated_at` timestamp NOT NULL DEFAULT current_timestamp() ON UPDATE current_timestamp(),
  `description` varchar(100) NOT NULL,
  `content` longtext CHARACTER SET utf8mb4 COLLATE utf8mb4_bin DEFAULT NULL CHECK (json_valid(`content`)),
  `messages` int(11) DEFAULT 0
) ENGINE=InnoDB DEFAULT CHARSET=utf8mb4 COLLATE=utf8mb4_general_ci;

--
-- Dumping data for table `news`
--

INSERT INTO `news` (`id`, `title`, `author`, `game_id`, `publish_date`, `status`, `views`, `likes`, `image_url`, `updated_at`, `description`, `content`, `messages`) VALUES
(37, 'BLAST розслідує порушення правил командою Astralis', 'Sport.ua', 1, '2024-10-16 12:00:00', 'published', 173, 0, 'https://pic.sport.ua/images/news/0/17/130/orig_706015.jpg', '2024-10-24 10:23:09', 'Скандал через можливі порушення правил турніру командою Astralis. Можливі серйозні наслідки.', '{\n    \"questions\": [\n        {\n            \"question\": \"Які ваші думки щодо розслідування BLAST стосовно команди Astralis?\",\n            \"answer\": \"Це дуже серйозна ситуація, і розслідування може мати великі наслідки для команди. Гравці мають дотримуватися правил, і якщо є порушення, їх потрібно розглядати.\"\n        },\n        {\n            \"question\": \"Як це розслідування вплине на команду Astralis в цілому?\",\n            \"answer\": \"Це може викликати стрес і розлади в команді. Важливо, щоб гравці зосередилися на своїй грі і не дозволили цим новинам вплинути на їхню продуктивність.\"\n        },\n        {\n            \"question\": \"Чи вважаєте ви, що правила в професійному кіберспорті мають бути більш чіткими?\",\n            \"answer\": \"Безумовно. Чіткі правила допоможуть уникнути подібних ситуацій у майбутньому. Команди повинні знати, які саме вимоги існують і які наслідки можуть бути за їх порушення.\"\n        },\n        {\n            \"question\": \"Які можуть бути наслідки для Astralis, якщо порушення будуть підтверджені?\",\n            \"answer\": \"Наслідки можуть бути різними: від штрафів і зняття очок до можливого виключення з турнірів. Це серйозно вплине на репутацію команди.\"\n        },\n        {\n            \"question\": \"Чи може це розслідування змінити вашу думку про команду Astralis?\",\n            \"answer\": \"Це залежить від результатів розслідування. Якщо виявиться, що команда дійсно порушила правила, це змусить переглянути моє ставлення до них. Але якщо все виявиться сфабрикованим, можливо, я залишуся при своїй думці.\"\n        }\n    ]\n}', 0),
(38, 'Девід Бекхем продає GUILD Esports', 'Sport.ua', 1, '2024-10-15 10:00:00', 'published', 3265, 0, 'https://pic.sport.ua/images/news/0/17/150/orig_710102.jpg', '2024-11-02 23:51:56', 'Бекхем завершує своє кіберспортивне підприємництво великим продажем GUILD Esports.', '{\n    \"questions\": [\n        {\n            \"question\": \"Які ваші враження від продажу GUILD Esports Девідом Бекхемом?\",\n            \"answer\": \"Це неочікуваний крок, але зрозумілий з огляду на динаміку ринку. Бекхем зробив багато для популяризації команди, але бізнес може вимагати змін.\"\n        },\n        {\n            \"question\": \"Як це вплине на імідж GUILD Esports?\",\n            \"answer\": \"Залежно від того, хто купує команду, це може або зміцнити їх імідж, або викликати сумніви. Важливо, щоб новий власник поділяв цінності GUILD і мав стратегію для її розвитку.\"\n        },\n        {\n            \"question\": \"Які можуть бути наслідки для гравців GUILD Esports після продажу?\",\n            \"answer\": \"Гравці можуть відчути невизначеність через зміни в керівництві. Якщо новий власник вирішить змінити стратегію, це може вплинути на склад команди.\"\n        },\n        {\n            \"question\": \"Чи є можливість, що новий власник вкладе більше коштів у розвиток GUILD?\",\n            \"answer\": \"Цілком ймовірно. Якщо новий власник має досвід у кіберспорті, він може інвестувати у нові гравці, тренерів або інфраструктуру, що позитивно вплине на команду.\"\n        },\n        {\n            \"question\": \"Які ваші прогнози щодо майбутнього GUILD Esports після продажу?\",\n            \"answer\": \"Все залежить від нової стратегії та бачення власника. Якщо вони зможуть залучити нові таланти і підтримувати команду, GUILD може стати ще більш успішною. Проте, якщо виникнуть проблеми з управлінням, це може стати викликом.\"\n        }\n    ]\n}', 0),
(39, 'Astralis готується до заміни гравця', 'Sport.ua', 1, '2024-10-14 09:30:00', 'published', 203, 0, 'https://pic.sport.ua/images/news/0/17/130/orig_706015.jpg', '2024-10-24 10:08:42', 'Команда Astralis змінює свій склад перед наступними змаганнями, що може змінити хід подій.', '{\n    \"questions\": [\n        {\n            \"question\": \"Що ви думаєте про можливу заміну гравця в команді Astralis?\",\n            \"answer\": \"Це може бути необхідним кроком, якщо команда не показує бажаних результатів. Зміни в складі можуть дати новий імпульс і поліпшити командну динаміку.\"\n        },\n        {\n            \"question\": \"Як це вплине на атмосферу в команді Astralis?\",\n            \"answer\": \"Заміна гравця може викликати як позитивні, так і негативні емоції. Існуючі гравці можуть відчувати стрес через невизначеність, але новий гравець може додати свіжу енергію і мотивацію.\"\n        },\n        {\n            \"question\": \"Які критерії важливі при виборі нового гравця для Astralis?\",\n            \"answer\": \"Команда повинна звернути увагу на ігрові навички, командну хімію та адаптивність до стилю гри Astralis. Також важливо, щоб новий гравець поділяв цінності команди.\"\n        },\n        {\n            \"question\": \"Як можуть вплинути ці зміни на результати команди в наступних турнірах?\",\n            \"answer\": \"Якщо новий гравець швидко адаптується, команда може покращити свої результати. Проте, якщо інтеграція пройде не так гладко, це може призвести до додаткових труднощів.\"\n        },\n        {\n            \"question\": \"Чи є можливість, що заміна гравця стане початком нової ери для Astralis?\",\n            \"answer\": \"Цілком можливо. Якщо команда знайде правильного гравця, це може призвести до відновлення їхньої сили на міжнародній арені і повернення до лідерських позицій.\"\n        }\n    ]\n}\n', 0),
(40, 'NaVi перемагає на IEM Katowice', 'Sport.ua', 1, '2024-10-13 18:00:00', 'published', 1201, 0, 'https://pic.sport.ua/images/news/0/17/145/orig_709188.jpg', '2024-10-24 10:09:02', 'Команда NaVi тріумфує на великому турнірі з CS:GO, продовжуючи свою домінантну серію.', '{\n    \"questions\": [\n        {\n            \"question\": \"Які емоції ви відчуваєте після перемоги NaVi на IEM Katowice?\",\n            \"answer\": \"Це фантастичне досягнення! Команда показала неймовірну гру і величезну майстерність. Перемога на такому престижному турнірі підтверджує їхній статус однієї з найкращих команд світу.\"\n        },\n        {\n            \"question\": \"Які ключові моменти допомогли NaVi досягти успіху на цьому турнірі?\",\n            \"answer\": \"Відмінна командна взаємодія та стратегічні рішення були критично важливими. Кожен гравець вніс свій вклад, а тактика на різних картах була бездоганною.\"\n        },\n        {\n            \"question\": \"Як ви оцінюєте виступ суперників NaVi на IEM Katowice?\",\n            \"answer\": \"Суперники також показали хорошу гру, але NaVi змогли продемонструвати свій найкращий рівень. Важливо визнати зусилля інших команд, адже конкуренція була дуже високою.\"\n        },\n        {\n            \"question\": \"Який вплив матиме ця перемога на майбутнє NaVi?\",\n            \"answer\": \"Ця перемога підвищить впевненість команди і додасть мотивації до подальших змагань. Вона також може залучити нових шанувальників і спонсорів, що допоможе розвитку команди.\"\n        },\n        {\n            \"question\": \"Що, на вашу думку, означає ця перемога для українського кіберспорту?\",\n            \"answer\": \"Це велике досягнення для українського кіберспорту в цілому. NaVi стали символом надії та гордості для багатьох шанувальників, і їхня перемога підкреслює високий рівень таланту в Україні.\"\n        }\n    ]\n}\n', 0),
(41, 'Faker повертається до League of Legends', 'Sport.ua', 7, '2024-10-12 14:00:00', 'published', 981, 0, 'https://players.com.ua/wp-content/uploads/2024/05/Faker-Worlds-2023-edited.webp', '2024-10-24 10:09:09', 'Легендарний гравець Faker знову в грі, чим тішить своїх численних фанатів.', '{\n    \"questions\": [\n        {\n            \"question\": \"Які ваші думки про повернення Faker до League of Legends?\",\n            \"answer\": \"Це неймовірна новина для всіх шанувальників гри! Faker завжди був одним із найкращих гравців, і його повернення може додати нової енергії як для команди, так і для всього турнірного середовища.\"\n        },\n        {\n            \"question\": \"Як повернення Faker вплине на його команду?\",\n            \"answer\": \"Відновлення такого гравця, як Faker, може суттєво підвищити рівень гри команди. Його досвід та лідерські якості можуть допомогти молодшим гравцям адаптуватися і розвиватися.\"\n        },\n        {\n            \"question\": \"Чи вважаєте ви, що Faker зможе знову досягти вершин у професійному кіберспорті?\",\n            \"answer\": \"Цілком ймовірно. Якщо він залишиться в хорошій формі і зможе адаптуватися до нових мета та стратегій, він має всі шанси повернутися на вершину.\"\n        },\n        {\n            \"question\": \"Які виклики можуть виникнути у Faker після повернення?\",\n            \"answer\": \"Основними викликами можуть стати адаптація до зміненого мета гри, конкуренція з новими гравцями та підвищений тиск через очікування шанувальників.\"\n        },\n        {\n            \"question\": \"Що це повернення означає для фанатів League of Legends?\",\n            \"answer\": \"Фанати будуть в захваті! Faker - це ікона, і його повернення обіцяє захоплюючі матчі та нові можливості для великих моментів у грі.\"\n        }\n    ]\n}\n', 0),
(42, 'Офіційний анонс CS:GO 2', 'Sport.ua', 1, '2024-10-11 09:00:00', 'published', 1501, 0, 'https://images.unian.net/photos/2023_09/thumb_files/800_0_1693586569-8756.png?r=309316', '2024-10-24 10:09:18', 'Valve оголошує продовження культової гри — CS:GO 2, що обіцяє бути новим етапом розвитку шутерів.', '{\n    \"questions\": [\n        {\n            \"question\": \"Які ваші враження від офіційного анонсу CS:GO 2?\",\n            \"answer\": \"Це вражаюча новина для всіх шанувальників серії! Після багатьох років очікувань, анонс нової гри обіцяє нові можливості та покращення у геймплейних механіках.\"\n        },\n        {\n            \"question\": \"Які нові функції ви очікуєте побачити в CS:GO 2?\",\n            \"answer\": \"Сподіваюся на покращену графіку, нові карти та можливість інтеграції нових механік, які підвищать динаміку гри. Також було б чудово побачити вдосконалені системи матчмейкінгу та античіт.\"\n        },\n        {\n            \"question\": \"Як ви думаєте, чи вплине це на професійну сцену CS:GO?\",\n            \"answer\": \"Так, це може суттєво змінити професійну сцену. Команди можуть бути змушені адаптувати свої стратегії до нових умов, а це створить цікаву конкуренцію та нові можливості для зростання.\"\n        },\n        {\n            \"question\": \"Які виклики можуть виникнути у гравців після переходу на CS:GO 2?\",\n            \"answer\": \"Гравцям доведеться адаптуватися до нових механік і балансів гри. Це може вимагати часу та зусиль, щоб відновити свою майстерність у новому середовищі.\"\n        },\n        {\n            \"question\": \"Що це означає для спільноти CS:GO?\",\n            \"answer\": \"Анонс CS:GO 2 відкриває нову главу для спільноти. Шанувальники зможуть очікувати нові події, турніри та можливість взаємодії з грою на новому рівні.\"\n        }\n    ]\n}\n', 0),
(43, 'Оголошені дати PUBG Global Championship', 'Sport.ua', 9, '2024-10-10 12:30:00', 'published', 801, 0, 'https://insider-gaming.com/wp-content/uploads/2024/09/pubg-world-championship-1024x536.jpeg', '2024-10-24 10:09:23', 'Дата початку основного турніру PUBG стала відомою, і найкращі команди світу вже готуються до участі.', '{\n    \"questions\": [\n        {\n            \"question\": \"Які ваші враження від оголошення дат PUBG Global Championship?\",\n            \"answer\": \"Це чудова новина для шанувальників PUBG! Дати турніру дозволяють всім гравцям і фанатам спланувати свої графіки, щоб бути готовими до великих моментів у грі.\"\n        },\n        {\n            \"question\": \"Що ви очікуєте від PUBG Global Championship цього року?\",\n            \"answer\": \"Сподіваюся побачити захоплюючі матчі та нові команди, які продемонструють свої вміння. Цей турнір завжди є платформою для найбільш захоплюючих моментів у професійному кіберспорті.\"\n        },\n        {\n            \"question\": \"Які команди ви вважаєте фаворитами на цьому турнірі?\",\n            \"answer\": \"Традиційно, команди, які демонстрували стабільний результат у попередніх чемпіонатах, можуть бути фаворитами. Однак завжди є ймовірність, що нові команди зможуть здивувати всіх.\"\n        },\n        {\n            \"question\": \"Як ви думаєте, чи вплине формат турніру на результати команд?\",\n            \"answer\": \"Так, формат може суттєво вплинути на результати. Різні формати ігрових днів можуть змінити стратегії команд, а це може стати вирішальним фактором у битві за перемогу.\"\n        },\n        {\n            \"question\": \"Що це оголошення означає для спільноти PUBG?\",\n            \"answer\": \"Це оголошення об\'єднує спільноту навколо спільного інтересу до гри. Фанати можуть активно обговорювати свої прогнози та підтримувати улюблені команди під час чемпіонату.\"\n        }\n    ]\n}\n', 0),
(44, 'Визначені півфіналісти LoL Worlds', 'Sport.ua', 7, '2024-10-09 15:00:00', 'published', 1100, 0, 'https://players.com.ua/wp-content/uploads/2023/11/F-uyqLTaIAAOUMy-e1699878799479.jpg.webp', '2024-10-16 17:20:45', 'Найсильніші команди світу готуються до півфіналів на Чемпіонаті світу з League of Legends.', '{\n    \"questions\": [\n        {\n            \"question\": \"Які ваші враження від визначення півфіналістів LoL Worlds?\",\n            \"answer\": \"Це захоплююча новина! Півфінали завжди обіцяють неймовірну гру, і цьогорічні команди продемонстрували чудову майстерність у боротьбі за титул.\"\n        },\n        {\n            \"question\": \"Які команди вас найбільше вразили на цьому етапі турніру?\",\n            \"answer\": \"Деякі команди продемонстрували видатну гру, використовуючи інноваційні стратегії. Це справді вражає, коли команди можуть адаптуватися до умов змагань і вигравати.\"\n        },\n        {\n            \"question\": \"Які ключові фактори допомогли цим командам дійти до півфіналу?\",\n            \"answer\": \"Відмінна командна хімія, стратегічне мислення та вміння адаптуватися до ігрових ситуацій стали визначальними. Також важливо, щоб гравці залишалися спокійними під тиском.\"\n        },\n        {\n            \"question\": \"Які ваші прогнози на півфінали?\",\n            \"answer\": \"Очікую на захоплюючі матчі. Кожна з команд має свої сильні та слабкі сторони, тому буде цікаво побачити, як вони змагатимуться один з одним.\"\n        },\n        {\n            \"question\": \"Як ця стадія турніру вплине на загальне сприйняття гри в кіберспорті?\",\n            \"answer\": \"Півфінали Worlds завжди привертають увагу шанувальників та нових гравців. Це чудова можливість показати, на якому високому рівні можуть відбуватися змагання в League of Legends.\"\n        }\n    ]\n}\n', 0),
(45, 'Рекордний призовий фонд The International з Dota 2', 'Sport.ua', 3, '2024-10-08 11:00:00', 'published', 2000, 0, 'https://encrypted-tbn0.gstatic.com/images?q=tbn:ANd9GcRrdJb1WRjMFZNxd_lfc3JkO02Wzg3_5YkziA&s', '2024-10-16 17:21:17', 'Новий рекордний призовий фонд на The International з Dota 2 залучає увагу всього світу.', '{\n    \"questions\": [\n        {\n            \"question\": \"Які ваші враження від рекордного призового фонду The International цього року?\",\n            \"answer\": \"Це вражаюча новина! Рекордний призовий фонд підкреслює популярність Dota 2 та зростаючу підтримку спільноти. Це не лише демонструє зацікавленість, але й зростаючу професійну сцену.\"\n        },\n        {\n            \"question\": \"Які фактори вплинули на зростання призового фонду?\",\n            \"answer\": \"Основним фактором є активна участь спільноти через краудфандинг, а також продаж Battle Pass, який пропонує гравцям ексклюзивний контент. Це чудовий приклад того, як фанати можуть підтримати свої улюблені команди.\"\n        },\n        {\n            \"question\": \"Який вплив рекордного призового фонду на команди-учасниці?\",\n            \"answer\": \"Високий призовий фонд підвищує мотивацію для команд, адже змагання на такому рівні стають не лише випробуванням на майстерність, а й можливістю отримати значні фінансові нагороди.\"\n        },\n        {\n            \"question\": \"Як ви думаєте, чи вплине це на наступні International?\",\n            \"answer\": \"Цілком ймовірно. Рекордний призовий фонд може залучити більше уваги до наступних International, а також спонукати більше гравців та команд змагатися на високому рівні.\"\n        },\n        {\n            \"question\": \"Що це означає для спільноти Dota 2?\",\n            \"answer\": \"Це чудова новина для спільноти, адже вона свідчить про здоровий розвиток гри. Фінансові вливання дозволять спільноті розвиватися, а також підтримувати нових гравців та команди.\"\n        }\n    ]\n}\n', 0),
(46, 'Результати відборів на Fortnite World Cup', 'Sport.ua', 1, '2024-10-07 17:00:00', 'published', 901, 0, 'https://cdn2.unrealengine.com/Fortnite%2Funtitled-page%2FFN_Competitive_Social_FWC_Announce-1920x1080-ec4306cddd1e003944a63e282359d29b86bb52b6.jpg', '2024-11-02 23:36:35', 'Закінчилися відбори на чемпіонат світу з Fortnite, і найкращі гравці отримали свої місця у фіналі.', '{\n    \"questions\": [\n        {\n            \"question\": \"Які ваші враження від результатів відборів на Fortnite World Cup?\",\n            \"answer\": \"Це було надзвичайно цікаво! Відбори виявили сильну конкуренцію та неймовірні навички гравців. Багато команд продемонстрували свою готовність змагатися на світовій арені.\"\n        },\n        {\n            \"question\": \"Які команди або гравці вразили вас найбільше під час відборів?\",\n            \"answer\": \"Декілька гравців показали вражаючий рівень гри, зокрема тих, хто постійно потрапляв у топ-5. Це свідчить про їхній потенціал досягти успіху на World Cup.\"\n        },\n        {\n            \"question\": \"Які фактори вплинули на успішність команд під час відборів?\",\n            \"answer\": \"Команди, які змогли швидко адаптуватися до зміни мета, показали найкращі результати. Також важливою була командна хімія і стратегічні рішення під час ігор.\"\n        },\n        {\n            \"question\": \"Які очікування у вас від Fortnite World Cup після цих відборів?\",\n            \"answer\": \"Очікую на захоплюючі матчі та непередбачувані результати. Конкуренція обіцяє бути дуже жорсткою, і це створить багато захоплюючих моментів для шанувальників.\"\n        },\n        {\n            \"question\": \"Що ці результати означають для спільноти Fortnite?\",\n            \"answer\": \"Вони свідчать про здорову конкуренцію та зростання інтересу до гри. Це також може заохотити нових гравців долучатися до турнірів і розвивати свої навички.\"\n        }\n    ]\n}\n', 0),
(47, 'Результати турніру Valorant Champions', 'Sport.ua', 13, '2024-10-06 16:00:00', 'published', 701, 0, 'https://i.ytimg.com/vi/VNxvRG0ceUI/maxresdefault.jpg', '2024-11-04 10:29:50', 'Турнір Valorant Champions завершився. Команди продемонстрували неймовірну майстерність.', '{\n    \"questions\": [\n        {\n            \"question\": \"Які ваші враження від результатів турніру Valorant Champions?\",\n            \"answer\": \"Цей турнір був неймовірно захоплюючим! Команди показали високий рівень гри, і фінальні матчі стали справжнім святом для шанувальників Valorant.\"\n        },\n        {\n            \"question\": \"Які команди чи гравці вас найбільше вразили на цьому турнірі?\",\n            \"answer\": \"Безумовно, кілька команд продемонстрували вражаючу командну хімію та індивідуальну майстерність. Декотрі гравці стали справжніми зірками, перевершивши всі очікування.\"\n        },\n        {\n            \"question\": \"Які ключові моменти визначили результати турніру?\",\n            \"answer\": \"Стратегії, адаптивність до суперників та критично важливі рішення в ключових моментах стали вирішальними. Команди, які змогли зберегти спокій під тиском, зазвичай отримували перевагу.\"\n        },\n        {\n            \"question\": \"Які прогнози у вас щодо майбутнього Valorant Champions після цього турніру?\",\n            \"answer\": \"Очікую, що цей турнір підвищить популярність Valorant на міжнародній арені і заохотить більше команд змагатися на високому рівні. Можливо, ми побачимо нових лідерів на наступних чемпіонатах.\"\n        },\n        {\n            \"question\": \"Що ці результати означають для спільноти Valorant?\",\n            \"answer\": \"Це підтверджує зростаючу популярність Valorant як кіберспортивної дисципліни. Спільнота може очікувати нові можливості для змагань, а також ще більше захоплюючих подій у майбутньому.\"\n        }\n    ]\n}\n', 0),
(48, 'Попередній огляд фіналу Overwatch League', 'Sport.ua', 8, '2024-10-05 14:30:00', 'published', 550, 0, 'https://preview.redd.it/guys-dont-worry-theyre-just-waiting-to-release-the-v0-8ined8gb8wrb1.jpg?auto=webp&s=8e2ac73211f03faab426caf7e8e33c1f55e07de6', '2024-10-16 19:18:31', 'Наближаються фінальні матчі Overwatch League, що обіцяють бути захопливими.', '{\n    \"questions\": [\n        {\n            \"question\": \"Які ваші очікування від фіналу Overwatch League?\",\n            \"answer\": \"Фінал обіцяє бути неймовірно захоплюючим! Дві найкращі команди покажуть свій найвищий рівень гри, і це буде справжня битва за титул чемпіона.\"\n        },\n        {\n            \"question\": \"Які команди вийшли у фінал, і що їх сильні сторони?\",\n            \"answer\": \"Обидві команди продемонстрували відмінну гру на всіх етапах турніру. Вони мають сильних гравців та вражаючі стратегії, що можуть виявитися вирішальними у фіналі.\"\n        },\n        {\n            \"question\": \"Які ключові фактори можуть вплинути на результат фіналу?\",\n            \"answer\": \"Командна хімія, адаптивність до ігрових умов та здатність справлятися з тиском - все це стане критично важливим у фіналі. Важливо також, як команди використовують свої героїв і вміння.\"\n        },\n        {\n            \"question\": \"Що означає фінал Overwatch League для спільноти гравців?\",\n            \"answer\": \"Фінал є кульмінацією року для спільноти Overwatch. Це можливість для фанатів підтримати своїх улюбленців і побачити, як їхні команди змагаються на найвищому рівні.\"\n        },\n        {\n            \"question\": \"Які ваші прогнози щодо майбутнього Overwatch League після цього фіналу?\",\n            \"answer\": \"Очікую, що цей фінал підвищить інтерес до ліги та залучить нових гравців. Якщо обидві команди покажуть видовищну гру, це може створити позитивний імпульс для майбутніх сезонів.\"\n        }\n    ]\n}\n', 0),
(49, 'Огляд середини сезону Call of Duty League', 'Sport.ua', 2, '2024-10-04 18:00:00', 'published', 851, 0, 'https://blz-contentstack-images.akamaized.net/v3/assets/bltf408a0557f4e4998/bltd6fa384b60ff3fbd/64cc2fe367e57a3aa2cec653/Jupiter_Coming_Soon-Bnet_Game-Content_UI_(Phoenix)-EN-1920x1080_textless.jpg?imwidth=1920&imdensity=2.625', '2024-10-24 10:37:15', 'Найкращі моменти середини сезону Call of Duty League, що визначають лідерів.', '{\n    \"questions\": [\n        {\n            \"question\": \"Які ваші враження від середини сезону Call of Duty League?\",\n            \"answer\": \"Середина сезону виявилася дуже насиченою! Команди продемонстрували вражаючу гру, а конкуренція між ними стала ще більш напруженою.\"\n        },\n        {\n            \"question\": \"Які команди виділилися у першій половині сезону?\",\n            \"answer\": \"Декілька команд показали стабільні результати та завоювали репутацію лідерів. Їхня гра була вражаючою, і вони стали фаворитами серед фанатів.\"\n        },\n        {\n            \"question\": \"Які основні тенденції ви помітили у грі команд?\",\n            \"answer\": \"Команди стали більше акцентувати увагу на командній взаємодії та стратегії. Адаптивність до ігрових умов також стала ключовим фактором у їхньому успіху.\"\n        },\n        {\n            \"question\": \"Як зміни в меті гри вплинули на результат команд?\",\n            \"answer\": \"Зміни в меті завжди впливають на стратегії команд. Ті, хто швидко адаптується до нових умов, зазвичай досягають кращих результатів.\"\n        },\n        {\n            \"question\": \"Які прогнози у вас на залишок сезону?\",\n            \"answer\": \"Очікую на ще більше захоплюючих матчів та несподіваних результатів. Команди, які зможуть зберегти стабільність та адаптивність, мають шанси на успіх у плей-оф.\"\n        }\n    ]\n}\n', 0),
(50, 'Розклад Apex Legends Global Series', 'Sport.ua', 14, '2024-10-03 13:00:00', 'published', 601, 0, 'https://media.contentapi.ea.com/content/dam/apex-legends/compete/images/2021/07/algs-2-0-featured-image.jpg.adapt.crop16x9.1023w.jpg', '2024-10-30 11:15:20', 'Оголошено дати основних подій ALGS, де змагатимуться найкращі команди.', '{\n    \"questions\": [\n        {\n            \"question\": \"Які ваші враження від оголошення розкладу Apex Legends Global Series?\",\n            \"answer\": \"Це чудова новина для шанувальників! Розклад дає можливість планувати спостереження за іграми та підтримувати свої улюблені команди протягом усього турніру.\"\n        },\n        {\n            \"question\": \"Які етапи турніру ви вважаєте найцікавішими?\",\n            \"answer\": \"Стадії відбору та плей-оф завжди обіцяють бути найзахоплюючими. Вони виявляють справжні здібності команд і можуть бути непередбачуваними.\"\n        },\n        {\n            \"question\": \"Які команди ви сподіваєтеся побачити у турнірі?\",\n            \"answer\": \"Мені цікаво спостерігати за провідними командами з усіх регіонів. Декілька з них мають величезний потенціал, щоб піднятися до верхівки турніру.\"\n        },\n        {\n            \"question\": \"Які ключові моменти можуть вплинути на успіх команд у турнірі?\",\n            \"answer\": \"Командна хімія, стратегічні рішення та адаптація до мети гри стануть визначальними. Гравці, які можуть зберегти спокій під тиском, мають перевагу.\"\n        },\n        {\n            \"question\": \"Що означає цей розклад для спільноти Apex Legends?\",\n            \"answer\": \"Розклад є важливою частиною для спільноти, оскільки він дозволяє фанатам стежити за розвитком подій та активно підтримувати свої улюблені команди.\"\n        }\n    ]\n}\n', 0),
(51, 'Результати турніру Rainbow Six Major', 'Sport.ua', 12, '2024-10-02 15:00:00', 'published', 950, 0, 'https://staticctf.ubisoft.com/J3yJr34U2pZ2Ieem48Dwy9uqj5PNUQTn/3jf0Sw15Oix6a1s65LpkEV/78341a1c84feffc515cafcf1e551b495/B6_MAN_Major_Keyvisual_960x540.jpg', '2024-10-16 17:23:42', 'Результати головних матчів Rainbow Six Major вже відомі.', '{\n    \"questions\": [\n        {\n            \"question\": \"Які ваші враження від результатів турніру Rainbow Six Major?\",\n            \"answer\": \"Цей турнір був вражаючим! Команди показали високу майстерність та непередбачувану гру, що зробило матчі неймовірно цікавими для шанувальників.\"\n        },\n        {\n            \"question\": \"Які команди або гравці вас найбільше вразили на цьому турнірі?\",\n            \"answer\": \"Декілька команд справили на мене велике враження своєю командною хімією і здатністю адаптуватися до умов матчу. Гравці, які проявили себе у критичних моментах, стали справжніми зірками.\"\n        },\n        {\n            \"question\": \"Які ключові моменти визначили результати турніру?\",\n            \"answer\": \"Стратегії, використані командами, були критично важливими. Також варто зазначити індивідуальні виступи гравців, які змогли вирішити матчі в свою користь завдяки вражаючій грі.\"\n        },\n        {\n            \"question\": \"Які прогнози у вас щодо майбутнього Rainbow Six після цього Major?\",\n            \"answer\": \"Очікую, що цей турнір підвищить інтерес до Rainbow Six на міжнародній арені. Багато нових талантів можуть з’явитися на сцені, що зробить наступні турніри ще більш захоплюючими.\"\n        },\n        {\n            \"question\": \"Що ці результати означають для спільноти Rainbow Six?\",\n            \"answer\": \"Це свідчить про зростання популярності гри та підтримки з боку спільноти. Фанати можуть очікувати нових можливостей для змагань та ще більше видовищних матчів у майбутньому.\"\n        }\n    ]\n}\n', 0),
(52, 'Оновлення серії чемпіонату Rocket League', 'Sport.ua', 11, '2024-10-01 11:30:00', 'published', 761, 0, 'https://www.rocketleague.com/images/keyart/rl_evergreen.jpg', '2024-11-03 20:49:37', 'Новини та результати з останнього сезону Rocket League Championship Series.', '{\n    \"questions\": [\n        {\n            \"question\": \"Які основні зміни були оголошені в оновленні серії чемпіонату Rocket League?\",\n            \"answer\": \"Оновлення включає нові правила, зміни в форматі турнірів та цікаві додатки для гравців. Це підвищує конкуренцію та робить матчі ще більш захоплюючими.\"\n        },\n        {\n            \"question\": \"Як ці зміни вплинуть на участь команд у чемпіонаті?\",\n            \"answer\": \"Зміни в правилах можуть вплинути на стратегії команд. Деякі команди можуть адаптуватися швидше, що дозволить їм отримати перевагу у змаганнях.\"\n        },\n        {\n            \"question\": \"Які нові функції будуть доступні для гравців у серії чемпіонату?\",\n            \"answer\": \"Оновлення приносить нові можливості для кастомізації автомобілів, а також покращену систему винагород для учасників. Це підвищує інтерес до участі в чемпіонаті.\"\n        },\n        {\n            \"question\": \"Які ваші прогнози щодо впливу оновлення на майбутні сезони?\",\n            \"answer\": \"Очікую, що це оновлення підвищить рівень конкуренції в серії чемпіонату. Багато команд, які адаптуються до змін, можуть зайняти вищі позиції у таблиці.\"\n        },\n        {\n            \"question\": \"Що це означає для спільноти Rocket League?\",\n            \"answer\": \"Ці зміни свідчать про зростаючу підтримку та розвиток серії чемпіонату. Спільнота може очікувати більше захоплюючих моментів та нових можливостей для змагань.\"\n        }\n    ]\n}\n', 0),
(53, 'Нові члени Зали слави кіберспорту', 'Sport.ua', 1, '2024-09-30 10:00:00', 'published', 681, 0, 'https://encrypted-tbn0.gstatic.com/images?q=tbn:ANd9GcTqL3uN2PLdC1AvbSp4l0tfndV7L7Fqys0ZKg&s', '2024-11-09 10:44:48', 'Нових членів Зали слави кіберспорту офіційно оголошено.', '{\n    \"questions\": [\n        {\n            \"question\": \"Хто нові члени Зали слави кіберспорту у цьому році?\",\n            \"answer\": \"Цього року до Зали слави були введені кілька видатних постатей, які суттєво вплинули на розвиток кіберспорту. Їхні досягнення та внесок у цю галузь заслуговують на визнання.\"\n        },\n        {\n            \"question\": \"Які досягнення відзначають нових членів Зали слави?\",\n            \"answer\": \"Кожен з нових членів має вражаючі успіхи, від численних перемог на світових турнірах до інновацій у стратегічному підході до гри. Це підтверджує їхній величезний вплив на кіберспорт.\"\n        },\n        {\n            \"question\": \"Як введення нових членів вплине на спільноту кіберспорту?\",\n            \"answer\": \"Це надихає нові покоління гравців та фанатів, показуючи, що досягнення в кіберспорті можуть призводити до визнання на міжнародному рівні.\"\n        },\n        {\n            \"question\": \"Які реакції викликало оголошення нових членів Зали слави?\",\n            \"answer\": \"Спільнота відреагувала з захопленням! Багато шанувальників та колег з інших команд висловлюють свої вітання та повагу до нових членів.\"\n        },\n        {\n            \"question\": \"Які ваші прогнози щодо майбутніх введень до Зали слави кіберспорту?\",\n            \"answer\": \"Очікую, що в наступні роки ми побачимо ще більше видатних особистостей, які зроблять значний внесок у розвиток кіберспорту та надихнуть нові покоління гравців.\"\n        }\n    ]\n}\n', 0),
(54, 'Огляд турніру Street Fighter V', 'Sport.ua', 14, '2024-09-29 17:00:00', 'published', 501, 0, 'https://shared.akamai.steamstatic.com/store_item_assets/steam/apps/807290/ss_b85febde8d0c14be489a9b0d1544c9be372f0c70.1920x1080.jpg?t=1708064701', '2024-10-24 10:37:26', 'Основні моменти та результати турніру з Street Fighter V.', '{\n    \"questions\": [\n        {\n            \"question\": \"Які ваші враження від турніру Street Fighter V?\",\n            \"answer\": \"Турнір був неймовірно захоплюючим! Гравці продемонстрували високий рівень майстерності та стратегії, що зробило матчі дуже видовищними для шанувальників.\"\n        },\n        {\n            \"question\": \"Які гравці вас найбільше вразили на цьому турнірі?\",\n            \"answer\": \"Декілька гравців показали вражаючі комбінації та чудову реакцію. Їхня здатність адаптуватися до стилю суперників справила на мене велике враження.\"\n        },\n        {\n            \"question\": \"Які ключові моменти визначили результат турніру?\",\n            \"answer\": \"Стратегії, що використовувалися гравцями, та їхня здатність реагувати на зміни в матчах стали критично важливими. Моменти, коли гравці виходили з найскладніших ситуацій, справді вражали.\"\n        },\n        {\n            \"question\": \"Які ваші прогнози щодо майбутнього Street Fighter V після цього турніру?\",\n            \"answer\": \"Очікую, що цей турнір підвищить популярність гри та залучить нових гравців. З кожним новим сезоном ми бачимо зростання інтересу до Street Fighter V.\"\n        },\n        {\n            \"question\": \"Що ці результати означають для спільноти Street Fighter?\",\n            \"answer\": \"Це підтверджує, що Street Fighter V залишається одним із провідних файтингів у світі. Спільнота може очікувати нових можливостей для змагань та подальшого розвитку.\"\n        }\n    ]\n}\n', 0),
(55, 'Завершення сезону Hearthstone Grandmasters', 'Sport.ua', 14, '2024-09-28 13:00:00', 'published', 821, 0, 'https://encrypted-tbn0.gstatic.com/images?q=tbn:ANd9GcSYpeOSc99wUgOzkUC4Ug2FdyzKh--q1RWs5Q&s', '2024-11-03 19:38:17', 'Фінал сезону Hearthstone Grandmasters, підсумки і переможці.', '{\n    \"questions\": [\n        {\n            \"question\": \"Які ваші враження від завершення сезону Hearthstone Grandmasters?\",\n            \"answer\": \"Завершення сезону було неймовірно емоційним! Гравці продемонстрували вражаючі навички, а фінальні матчі стали справжнім святом для шанувальників.\"\n        },\n        {\n            \"question\": \"Які гравці виділилися протягом сезону?\",\n            \"answer\": \"Декілька гравців справили враження своєю стабільною грою і стратегічним підходом. Вони зуміли піднятися на верхні позиції таблиці і заробити визнання в спільноті.\"\n        },\n        {\n            \"question\": \"Які ключові моменти визначили результати сезону?\",\n            \"answer\": \"Зміни в меті гри та адаптація до нових карт стали вирішальними факторами. Гравці, які могли швидко реагувати на зміни, показали кращі результати.\"\n        },\n        {\n            \"question\": \"Які ваші прогнози щодо майбутнього Hearthstone Grandmasters після цього сезону?\",\n            \"answer\": \"Очікую, що наступний сезон принесе нові стратегії та цікаві результати. Зростаюча популярність гри залучить нових талантів, які піднімуть рівень змагань.\"\n        },\n        {\n            \"question\": \"Що завершення сезону означає для спільноти Hearthstone?\",\n            \"answer\": \"Це свідчить про стабільність та розвиток Hearthstone як змагальної гри. Спільнота може очікувати ще більше цікавих моментів та змагань у майбутньому.\"\n        }\n    ]\n}\n', 0),
(56, 'Початок Warzone World Series', 'Sport.ua', 2, '2024-09-27 19:00:00', 'published', 711, 0, 'https://i.ytimg.com/vi/liIcSYgVo2Q/maxresdefault.jpg', '2024-11-03 21:00:39', 'Розпочався турнір Warzone World Series, де зустрінуться найкращі гравці.', '{\n    \"questions\": [\n        {\n            \"question\": \"Які ваші враження від початку Warzone World Series?\",\n            \"answer\": \"Початок Warzone World Series став справжнім святом для фанатів! Гравці з різних регіонів зібралися, щоб продемонструвати свої навички на міжнародній арені.\"\n        },\n        {\n            \"question\": \"Які команди або гравці виділилися в перші дні турніру?\",\n            \"answer\": \"Декілька команд зуміли вразити всіх своєю стратегією і командною роботою. Особливо цікаво було спостерігати за тим, як вони адаптуються до умов гри.\"\n        },\n        {\n            \"question\": \"Які ключові елементи турніру ви вважаєте найбільш важливими?\",\n            \"answer\": \"Стратегічне планування та взаємодія між гравцями стали вирішальними факторами. Гравці, які можуть ефективно комунікувати та координувати свої дії, мають більші шанси на успіх.\"\n        },\n        {\n            \"question\": \"Які ваші прогнози щодо розвитку подій у Warzone World Series?\",\n            \"answer\": \"Очікую, що змагання стануть ще більш напруженими, оскільки команди почнуть адаптувати свої стратегії. Це може призвести до несподіваних результатів і захоплюючих моментів.\"\n        },\n        {\n            \"question\": \"Що початок Warzone World Series означає для спільноти Call of Duty?\",\n            \"answer\": \"Це підкреслює зростаючий інтерес до змагань у Warzone. Спільнота може очікувати більше подій та можливостей для участі у великій кіберспортивній арені.\"\n        }\n    ]\n}\n', 0);

-- --------------------------------------------------------

--
-- Table structure for table `notifications`
--

CREATE TABLE `notifications` (
  `id` int(11) NOT NULL,
  `user_id` int(11) DEFAULT NULL,
  `stake_id` int(11) DEFAULT NULL,
  `content` text NOT NULL,
  `type` enum('info','win','lost') DEFAULT 'info',
  `created_at` datetime DEFAULT current_timestamp()
) ENGINE=InnoDB DEFAULT CHARSET=utf8mb4 COLLATE=utf8mb4_unicode_ci;

--
-- Dumping data for table `notifications`
--

INSERT INTO `notifications` (`id`, `user_id`, `stake_id`, `content`, `type`, `created_at`) VALUES
(13, 64, 28, 'Вітаємо! Ви виграли 184.5000₴ у ставці на команду Virtus.pro', 'win', '2024-10-24 20:25:21'),
(14, 64, 29, 'Вітаємо! Ви виграли 184.5000₴ у ставці на команду London Royal Ravens', 'win', '2024-10-24 20:27:32'),
(15, 66, 33, 'Вітаємо! Ви виграли 155.0000₴ у ставці на команду Team Liquid', 'win', '2024-10-26 12:59:18'),
(48, 66, 34, 'Вітаємо! Ви виграли 17.5000₴ у ставці на команду Ninjas in Pyjamas', 'win', '2024-11-09 13:07:07'),
(49, 66, 38, 'Вітаємо! Ви виграли 56.1000₴ у ставці на команду Toronto Ultra', 'win', '2024-11-09 13:09:15'),
(50, 66, 39, 'Вітаємо! Ви виграли 351.4500₴ у ставці на команду Toronto Ultra', 'win', '2024-11-09 13:09:15'),
(51, 66, 40, 'Вітаємо! Ви виграли 4.9500₴ у ставці на команду Toronto Ultra', 'win', '2024-11-09 13:09:15'),
(52, 66, 41, 'Вітаємо! Ви виграли 202.9500₴ у ставці на команду Toronto Ultra', 'win', '2024-11-09 13:09:15'),
(53, 66, 42, 'Вітаємо! Ви виграли 202.9500₴ у ставці на команду Toronto Ultra', 'win', '2024-11-09 13:09:15'),
(54, 66, 43, 'Вітаємо! Ви виграли 36.3000₴ у ставці на команду Toronto Ultra', 'win', '2024-11-09 13:09:15'),
(55, 66, 44, 'Вітаємо! Ви виграли 397.6500₴ у ставці на команду Toronto Ultra', 'win', '2024-11-09 13:09:15'),
(56, 66, 45, 'Вітаємо! Ви виграли 386.1000₴ у ставці на команду Toronto Ultra', 'win', '2024-11-09 13:09:15'),
(57, 66, 46, 'Вітаємо! Ви виграли 351.4500₴ у ставці на команду Toronto Ultra', 'win', '2024-11-09 13:09:15');

-- --------------------------------------------------------

--
-- Table structure for table `product`
--

CREATE TABLE `product` (
  `id` bigint(20) NOT NULL,
  `image_src` varchar(255) DEFAULT NULL,
  `name` varchar(255) DEFAULT NULL,
  `views` int(11) NOT NULL
) ENGINE=InnoDB DEFAULT CHARSET=utf8mb4 COLLATE=utf8mb4_unicode_ci;

-- --------------------------------------------------------

--
-- Table structure for table `stake`
--

CREATE TABLE `stake` (
  `id` int(11) NOT NULL,
  `match_id` int(11) DEFAULT NULL,
  `amount` decimal(10,2) DEFAULT NULL,
  `Coef` decimal(5,2) DEFAULT NULL,
  `stake_time` datetime DEFAULT current_timestamp(),
  `status` enum('pending','won','lost') DEFAULT NULL,
  `user_id` int(11) DEFAULT NULL,
  `team_id` int(11) DEFAULT NULL
) ENGINE=InnoDB DEFAULT CHARSET=utf8mb4 COLLATE=utf8mb4_general_ci;

--
-- Dumping data for table `stake`
--

INSERT INTO `stake` (`id`, `match_id`, `amount`, `Coef`, `stake_time`, `status`, `user_id`, `team_id`) VALUES
(28, 14, 123.00, 1.50, '2024-10-24 20:23:54', 'won', 64, 26),
(29, 14, 123.00, 1.50, '2024-10-24 20:26:54', 'won', 64, 20),
(30, 14, 123.00, 2.50, '2024-10-24 20:58:03', 'pending', 64, 26),
(31, 24, 469.50, 1.55, '2024-10-24 21:31:41', 'pending', 64, 12),
(32, 24, 469.50, 1.55, '2024-10-24 21:37:42', 'pending', 64, 12),
(33, 24, 100.00, 1.55, '2024-10-26 12:51:50', 'won', 66, 12),
(34, 35, 10.00, 1.75, '2024-11-02 22:20:46', 'won', 66, 8),
(35, 35, 18.00, 1.75, '2024-11-02 22:20:59', 'pending', 66, 8),
(36, 35, 32.00, 1.75, '2024-11-02 22:29:18', 'pending', 66, 8),
(37, 35, 23.00, 1.75, '2024-11-02 22:29:29', 'pending', 66, 8),
(38, 25, 34.00, 1.65, '2024-11-02 22:47:21', 'won', 66, 15),
(39, 25, 213.00, 1.65, '2024-11-02 22:49:52', 'won', 66, 15),
(40, 25, 3.00, 1.65, '2024-11-02 22:52:30', 'won', 66, 15),
(41, 25, 123.00, 1.65, '2024-11-02 22:52:40', 'won', 66, 15),
(42, 25, 123.00, 1.65, '2024-11-02 22:53:25', 'won', 66, 15),
(43, 25, 22.00, 1.65, '2024-11-02 22:53:49', 'won', 66, 15),
(44, 25, 241.00, 1.65, '2024-11-02 22:54:04', 'won', 66, 15),
(45, 25, 234.00, 1.65, '2024-11-02 22:54:24', 'won', 66, 15),
(46, 25, 213.00, 1.65, '2024-11-02 23:18:49', 'won', 66, 15),
(47, 40, 1002.00, 2.00, '2024-11-02 23:36:01', 'pending', 66, 4),
(48, 40, 123.00, 2.00, '2024-11-02 23:37:31', 'pending', 66, 4),
(49, 34, 123.00, 1.60, '2024-11-02 23:38:36', 'pending', 66, 3),
(50, 34, 123.00, 1.60, '2024-11-02 23:40:03', 'pending', 66, 3),
(51, 34, NULL, 1.60, '2024-11-02 23:42:34', 'pending', 66, 3),
(52, 34, 123.00, 1.60, '2024-11-02 23:43:17', 'pending', 66, 3),
(53, 34, 123.00, 1.60, '2024-11-02 23:43:40', 'pending', 66, 3),
(54, 34, 123.00, 1.60, '2024-11-02 23:44:28', 'pending', 66, 3),
(55, 34, 100.00, 1.60, '2024-11-02 23:45:15', 'pending', 66, 3),
(56, 15, 10000000.00, 1.80, '2024-11-03 00:03:59', 'pending', 66, 7),
(57, 34, 123.00, 1.60, '2024-11-03 00:29:50', 'pending', 66, 3),
(58, 34, 132.00, 2.40, '2024-11-03 00:30:37', 'pending', 66, 22),
(59, 36, 100.00, 1.50, '2024-11-03 00:39:34', 'pending', 64, 16),
(60, 36, 12.00, 1.50, '2024-11-03 00:40:57', 'pending', 64, 16),
(61, 36, 1.00, 1.50, '2024-11-03 00:41:14', 'pending', 64, 16),
(62, 36, 1.00, 1.50, '2024-11-03 00:41:22', 'pending', 64, 16),
(63, 36, 1.00, 1.50, '2024-11-03 00:42:16', 'pending', 64, 16),
(64, 36, 123.00, 1.50, '2024-11-03 00:44:37', 'pending', 64, 16),
(65, 36, 123.00, 1.50, '2024-11-03 00:45:03', 'pending', 64, 16),
(66, 36, 123.00, 1.50, '2024-11-03 00:45:05', 'pending', 64, 16),
(67, 36, 123.00, 1.50, '2024-11-03 00:45:05', 'pending', 64, 16),
(68, 36, 123.00, 1.50, '2024-11-03 00:45:06', 'pending', 64, 16),
(69, 36, 123.00, 1.50, '2024-11-03 00:45:06', 'pending', 64, 16),
(70, 36, 123.00, 1.50, '2024-11-03 00:45:07', 'pending', 64, 16),
(71, 36, 123.00, 1.50, '2024-11-03 00:45:07', 'pending', 64, 16),
(72, 36, 123.00, 1.50, '2024-11-03 00:45:07', 'pending', 64, 16),
(73, 36, 123.00, 1.50, '2024-11-03 00:45:07', 'pending', 64, 16),
(74, 36, 123.00, 1.50, '2024-11-03 00:45:07', 'pending', 64, 16),
(75, 36, 123.00, 1.50, '2024-11-03 00:45:07', 'pending', 64, 16),
(76, 36, 33.00, 1.50, '2024-11-03 00:46:27', 'pending', 64, 16),
(77, 36, 33.00, 1.50, '2024-11-03 00:46:31', 'pending', 64, 16),
(78, 36, 1.00, 1.50, '2024-11-03 00:46:38', 'pending', 64, 16),
(79, 36, 1.00, 1.50, '2024-11-03 00:46:39', 'pending', 64, 16),
(80, 36, 12.00, 1.50, '2024-11-03 00:47:04', 'pending', 64, 16),
(81, 36, 2.00, 1.50, '2024-11-03 00:47:44', 'pending', 64, 16),
(82, 24, 1000.00, 1.55, '2024-11-04 16:03:50', 'pending', 66, 12);

--
-- Triggers `stake`
--
DELIMITER $$
CREATE TRIGGER `prevent_stake_status_revert` BEFORE UPDATE ON `stake` FOR EACH ROW BEGIN
    -- Перевіряємо, чи статус змінюється з 'pending' на 'won' або 'lost'
    IF OLD.status = 'won' OR OLD.status = 'lost' THEN
        SIGNAL SQLSTATE '45000' SET MESSAGE_TEXT = 'Статус ставок вже було змінено. Зміна не дозволена.';
    END IF;
END
$$
DELIMITER ;
DELIMITER $$
CREATE TRIGGER `update_balance_and_add_notification` AFTER UPDATE ON `stake` FOR EACH ROW BEGIN
  --   статус з 'pending' на 'won'
  IF OLD.status = 'pending' AND NEW.status = 'won' THEN
    -- Оновлюємо баланс користувача при виграші
    UPDATE users
    SET bonus_money = bonus_money + (NEW.amount * NEW.Coef)
    WHERE id = NEW.user_id;

    -- Додаємо повідомлення про виграш
    INSERT INTO notifications (user_id, content, type, stake_id, created_at)
    VALUES (NEW.user_id, CONCAT('Вітаємо! Ви виграли ', NEW.amount * NEW.Coef, '₴ у ставці на команду ', (SELECT TeamName FROM teams WHERE TeamID = NEW.team_id)), 'win', NEW.id, NOW());

  --   статус з 'pending' на 'lost'
  ELSEIF OLD.status = 'pending' AND NEW.status = 'lost' THEN
    -- Додаємо повідомлення про програш
    INSERT INTO notifications (user_id, content, type, stake_id, created_at)
    VALUES (NEW.user_id, CONCAT('Шкода, але ви програли ', NEW.amount, '₴ у ставці на команду ', (SELECT TeamName FROM teams WHERE TeamID = NEW.team_id)), 'lost', NEW.id, NOW());
  END IF;
END
$$
DELIMITER ;

-- --------------------------------------------------------

--
-- Table structure for table `support`
--

CREATE TABLE `support` (
  `id` int(11) NOT NULL,
  `title` varchar(255) NOT NULL,
  `content` text DEFAULT NULL,
  `author_id` int(11) DEFAULT NULL,
  `request_type` enum('bug','feedback','feature_request','information_request') NOT NULL,
  `created_at` datetime DEFAULT current_timestamp()
) ENGINE=InnoDB DEFAULT CHARSET=utf8mb4 COLLATE=utf8mb4_unicode_ci;

--
-- Dumping data for table `support`
--

INSERT INTO `support` (`id`, `title`, `content`, `author_id`, `request_type`, `created_at`) VALUES
(1, 'не працює сайт ', 'фівдоідфлводлфіовдлофідводфіовдфіовдлофідлволдфіовдлофідлвофдлів', 61, 'bug', '2024-11-10 20:52:13'),
(2, ' 12343', ' sadfs', 66, 'bug', '2024-11-10 22:26:05'),
(3, ' 12344', ' asdfsad', 66, 'bug', '2024-11-10 22:26:17'),
(4, ' 1234', ' asdf', 66, 'bug', '2024-11-10 22:27:14'),
(5, ' dsadf', ' 1234', 66, 'bug', '2024-11-10 22:27:34'),
(6, ' 1234', ' sadf', 66, 'bug', '2024-11-10 22:28:14'),
(7, ' 2134', ' asdfdsdfsad', 66, 'bug', '2024-11-10 22:31:45'),
(8, ' 2134', ' sadf', 66, 'feature_request', '2024-11-10 22:31:51'),
(9, ' asdfasd', ' sjadljlkdsa', 66, 'feedback', '2024-11-10 22:32:13'),
(10, ' asdf', ' asd23', 66, 'feedback', '2024-11-10 22:35:06'),
(11, ' 1232', 'ASDFD ', 66, 'bug', '2024-11-10 23:18:56');

-- --------------------------------------------------------

--
-- Table structure for table `teams`
--

CREATE TABLE `teams` (
  `TeamID` int(11) NOT NULL,
  `TeamName` varchar(255) NOT NULL,
  `TeamLogo` varchar(255) DEFAULT NULL,
  `TeamCountry` varchar(255) DEFAULT NULL
) ENGINE=InnoDB DEFAULT CHARSET=utf8mb4 COLLATE=utf8mb4_general_ci;

--
-- Dumping data for table `teams`
--

INSERT INTO `teams` (`TeamID`, `TeamName`, `TeamLogo`, `TeamCountry`) VALUES
(3, 'Natus Vincere', 'img/Logos/navi.png', 'img/Countries/ua.png'),
(4, 'Astralis', 'img/Logos/astralis.png', 'img/Countries/dk.png'),
(5, 'G2 Esports', 'img/Logos/g2.png', 'img/Countries/fr.png'),
(6, 'FaZe Clan', 'img/Logos/faze.png', 'img/Countries/us.png'),
(7, 'Team Vitality', 'img/Logos/vitality.png', 'img/Countries/fr.png'),
(8, 'Ninjas in Pyjamas', 'img/Logos/nip.png', 'img/Countries/se.png'),
(9, 'Fnatic', 'img/Logos/fnatic.png', 'img/Countries/uk.png'),
(10, 'Cloud9', 'img/Logos/cloud9.png', 'img/Countries/us.png'),
(11, 'BIG', 'img/Logos/big.png', 'img/Countries/de.png'),
(12, 'Team Liquid', 'img/Logos/teamliquid.png', 'img/Countries/us.png'),
(13, 'OpTic Gaming', 'img/Logos/optic.png', 'img/Countries/us.png'),
(14, 'Atlanta FaZe', 'img/Logos/atlanta_faze.png', 'img/Countries/us.png'),
(15, 'Toronto Ultra', 'img/Logos/toronto_ultra.png', 'img/Countries/ca.png'),
(16, 'Dallas Empire', 'img/Logos/dallas_empire.png', 'img/Countries/us.png'),
(17, 'New York Subliners', 'img/Logos/ny_subliners.png', 'img/Countries/us.png'),
(18, 'Minnesota RØKKR', 'img/Logos/minnesota_rokkr.png', 'img/Countries/us.png'),
(19, 'Paris Legion', 'img/Logos/paris_legion.png', 'img/Countries/fr.png'),
(20, 'London Royal Ravens', 'img/Logos/london_ravens.png', 'img/Countries/uk.png'),
(21, 'Los Angeles Thieves', 'img/Logos/la_thieves.png', 'img/Countries/us.png'),
(22, 'Florida Mutineers', 'img/Logos/florida_mutineers.png', 'img/Countries/us.png'),
(23, 'OG', 'img/Logos/og.png', 'img/Countries/eu.png'),
(24, 'Team Secret', 'img/Logos/team_secret.png', 'img/Countries/eu.png'),
(25, 'Evil Geniuses', 'img/Logos/eg.png', 'img/Countries/us.png'),
(26, 'Virtus.pro', 'img/Logos/vp.png', 'img/Countries/ru.png'),
(27, 'PSG.LGD', 'img/Logos/psg_lgd.png', 'img/Countries/cn.png'),
(28, 'TNC Predator', 'img/Logos/tnc_predator.png', 'img/Countries/ph.png'),
(29, 'Team Liquid', 'img/Logos/teamliquid.png', 'img/Countries/nl.png'),
(30, 'Nigma Galaxy', 'img/Logos/nigma.png', 'img/Countries/eu.png'),
(31, 'Vici Gaming', 'img/Logos/vici_gaming.png', 'img/Countries/cn.png'),
(32, 'Invictus Gaming', 'img/Logos/invictus.png', 'img/Countries/cn.png'),
(33, 'Sentinels', 'img/Logos/sentinels.png', 'img/Countries/us.png'),
(34, 'Cloud9', 'img/Logos/cloud9.png', 'img/Countries/us.png'),
(35, 'OpTic Gaming', 'img/Logos/optic.png', 'img/Countries/us.png'),
(36, 'eUnited', 'img/Logos/eunited.png', 'img/Countries/us.png'),
(37, 'Fnatic', 'img/Logos/fnatic.png', 'img/Countries/uk.png'),
(38, 'FaZe Clan', 'img/Logos/faze.png', 'img/Countries/us.png'),
(39, 'G2 Esports', 'img/Logos/g2.png', 'img/Countries/fr.png'),
(40, 'Oxygen Esports', 'img/Logos/oxygen_esports.png', 'img/Countries/us.png'),
(41, 'Pioneers', 'img/Logos/pioneers.png', 'img/Countries/us.png'),
(42, 'Spacestation Gaming', 'img/Logos/spacestation.png', 'img/Countries/us.png'),
(43, 'Team Queso', 'img/Logos/teamqueso.png', 'img/Countries/es.png'),
(44, 'Tribe Gaming', 'img/Logos/tribe.png', 'img/Countries/us.png'),
(45, 'Immortals', 'img/Logos/immortals.png', 'img/Countries/us.png'),
(46, 'TSM', 'img/Logos/tsm.png', 'img/Countries/us.png'),
(47, 'Nova Esports', 'img/Logos/nova.png', 'img/Countries/hk.png'),
(48, 'JD Gaming', 'img/Logos/jd_gaming.png', 'img/Countries/cn.png'),
(49, 'KT Rolster', 'img/Logos/kt_rolster.png', 'img/Countries/kr.png'),
(50, 'Flash Wolves', 'img/Logos/flashwolves.png', 'img/Countries/tw.png'),
(51, 'Team Secret', 'img/Logos/team_secret.png', 'img/Countries/eu.png'),
(52, 'RRQ', 'img/Logos/rrq.png', 'img/Countries/id.png'),
(53, 'T1', 'img/Logos/t1.png', 'img/Countries/kr.png'),
(54, 'G2 Esports', 'img/Logos/g2.png', 'img/Countries/fr.png'),
(55, 'Fnatic', 'img/Logos/fnatic.png', 'img/Countries/uk.png'),
(56, 'Cloud9', 'img/Logos/cloud9.png', 'img/Countries/us.png'),
(57, 'Team Liquid', 'img/Logos/teamliquid.png', 'img/Countries/us.png'),
(58, 'DWG KIA', 'img/Logos/dwgkia.png', 'img/Countries/kr.png'),
(59, 'RNG', 'img/Logos/rng.png', 'img/Countries/cn.png'),
(60, 'EDward Gaming', 'img/Logos/edg.png', 'img/Countries/cn.png'),
(61, 'Gen.G', 'img/Logos/geng.png', 'img/Countries/kr.png'),
(62, 'MAD Lions', 'img/Logos/madlions.png', 'img/Countries/es.png'),
(63, 'San Francisco Shock', 'img/Logos/sf_shock.png', 'img/Countries/us.png'),
(64, 'Dallas Fuel', 'img/Logos/dallas_fuel.png', 'img/Countries/us.png'),
(65, 'Seoul Dynasty', 'img/Logos/seoul_dynasty.png', 'img/Countries/kr.png'),
(66, 'Shanghai Dragons', 'img/Logos/shanghai_dragons.png', 'img/Countries/cn.png'),
(67, 'Los Angeles Gladiators', 'img/Logos/la_gladiators.png', 'img/Countries/us.png'),
(68, 'Florida Mayhem', 'img/Logos/florida_mayhem.png', 'img/Countries/us.png'),
(69, 'London Spitfire', 'img/Logos/london_spitfire.png', 'img/Countries/uk.png'),
(70, 'Houston Outlaws', 'img/Logos/houston_outlaws.png', 'img/Countries/us.png'),
(71, 'Washington Justice', 'img/Logos/washington_justice.png', 'img/Countries/us.png'),
(72, 'Toronto Defiant', 'img/Logos/toronto_defiant.png', 'img/Countries/ca.png'),
(73, 'FaZe Clan', 'img/Logos/faze.png', 'img/Countries/us.png'),
(74, 'TSM', 'img/Logos/tsm.png', 'img/Countries/us.png'),
(75, 'Gen.G', 'img/Logos/geng.png', 'img/Countries/kr.png'),
(76, 'Team Liquid', 'img/Logos/teamliquid.png', 'img/Countries/us.png'),
(77, 'Na\'Vi', 'img/Logos/navi.png', 'img/Countries/ua.png'),
(78, 'ENCE', 'img/Logos/ence.png', 'img/Countries/fi.png'),
(79, 'Oath Gaming', 'img/Logos/oath.png', 'img/Countries/us.png'),
(80, 'FURY', 'img/Logos/fury.png', 'img/Countries/au.png'),
(81, 'Digital Athletics', 'img/Logos/da.png', 'img/Countries/tr.png'),
(82, 'Virtus.pro', 'img/Logos/vp.png', 'img/Countries/ru.png'),
(83, 'Roxo', 'img/Logos/roxo.png', 'img/Countries/us.png'),
(84, 'Thulius', 'img/Logos/thulius.png', 'img/Countries/us.png'),
(85, 'SlippingBug', 'img/Logos/slippingbug.png', 'img/Countries/us.png'),
(86, 'Goreson', 'img/Logos/goreson.png', 'img/Countries/us.png'),
(87, 'BadIntent', 'img/Logos/badintent.png', 'img/Countries/us.png'),
(88, 'CatFight', 'img/Logos/catfight.png', 'img/Countries/us.png'),
(89, 'Kira', 'img/Logos/kira.png', 'img/Countries/us.png'),
(90, 'Burnside', 'img/Logos/burnside.png', 'img/Countries/us.png'),
(91, 'Wingtide', 'img/Logos/wingtide.png', 'img/Countries/de.png'),
(92, 'Elm', 'img/Logos/elm.png', 'img/Countries/us.png'),
(93, 'Team BDS', 'img/Logos/bds.png', 'img/Countries/ch.png'),
(94, 'G2 Esports', 'img/Logos/g2.png', 'img/Countries/fr.png'),
(95, 'FaZe Clan', 'img/Logos/faze.png', 'img/Countries/us.png'),
(96, 'Team Vitality', 'img/Logos/vitality.png', 'img/Countries/fr.png'),
(97, 'NRG Esports', 'img/Logos/nrg.png', 'img/Countries/us.png'),
(98, 'Spacestation Gaming', 'img/Logos/spacestation.png', 'img/Countries/us.png'),
(99, 'Rogue', 'img/Logos/rogue.png', 'img/Countries/us.png'),
(100, 'Version1', 'img/Logos/version1.png', 'img/Countries/us.png'),
(101, 'Endpoint', 'img/Logos/endpoint.png', 'img/Countries/uk.png'),
(102, 'Oxygen Esports', 'img/Logos/oxygen_esports.png', 'img/Countries/us.png'),
(103, 'Team BDS', 'img/Logos/bds.png', 'img/Countries/ch.png'),
(104, 'Ninjas in Pyjamas', 'img/Logos/nip.png', 'img/Countries/br.png'),
(105, 'Team Liquid', 'img/Logos/teamliquid.png', 'img/Countries/br.png'),
(106, 'FaZe Clan', 'img/Logos/faze.png', 'img/Countries/br.png'),
(107, 'G2 Esports', 'img/Logos/g2.png', 'img/Countries/fr.png'),
(108, 'Rogue', 'img/Logos/rogue.png', 'img/Countries/us.png'),
(109, 'Spacestation Gaming', 'img/Logos/spacestation.png', 'img/Countries/us.png'),
(110, 'DarkZero Esports', 'img/Logos/darkzero.png', 'img/Countries/us.png'),
(111, 'Cloud9', 'img/Logos/cloud9.png', 'img/Countries/kr.png'),
(112, 'Team Empire', 'img/Logos/teamempire.png', 'img/Countries/ru.png'),
(113, 'Sentinels', 'img/Logos/sentinels.png', 'img/Countries/us.png'),
(114, 'Team Liquid', 'img/Logos/teamliquid.png', 'img/Countries/eu.png'),
(115, 'Fnatic', 'img/Logos/fnatic.png', 'img/Countries/uk.png'),
(116, 'G2 Esports', 'img/Logos/g2.png', 'img/Countries/fr.png'),
(117, 'Acend', 'img/Logos/acend.png', 'img/Countries/eu.png'),
(118, 'Vision Strikers', 'img/Logos/vision_strikers.png', 'img/Countries/kr.png'),
(119, 'X10 CRIT', 'img/Logos/x10_crit.png', 'img/Countries/th.png'),
(120, 'KRÜ Esports', 'img/Logos/kru_esports.png', 'img/Countries/ar.png'),
(121, '100 Thieves', 'img/Logos/100_thieves.png', 'img/Countries/us.png'),
(122, 'Envy', 'img/Logos/envy.png', 'img/Countries/us.png'),
(123, 'Unknown', 'img/Logos/unknown.png', 'img/Countries/us.png'),
(124, 'Eclipse', 'img/Logos/eclipse.png', 'img/Countries/us.png'),
(125, 'Helix', 'img/Logos/helix.png', 'img/Countries/us.png'),
(126, 'Nova', 'img/Logos/nova.png', 'img/Countries/us.png'),
(127, 'Rift', 'img/Logos/rift.png', 'img/Countries/us.png'),
(128, 'Titan', 'img/Logos/titan.png', 'img/Countries/us.png'),
(129, 'Vanguard', 'img/Logos/vanguard.png', 'img/Countries/us.png'),
(130, 'Zenith', 'img/Logos/zenith.png', 'img/Countries/us.png'),
(131, 'Ascend', 'img/Logos/ascend.png', 'img/Countries/us.png'),
(132, 'Elysium', 'img/Logos/elysium.png', 'img/Countries/us.png');

-- --------------------------------------------------------

--
-- Table structure for table `users`
--

CREATE TABLE `users` (
  `id` int(11) NOT NULL,
  `bonus_money` int(11) NOT NULL DEFAULT 100,
  `email` varchar(255) NOT NULL,
  `password` varchar(255) NOT NULL,
  `first_name` varchar(100) DEFAULT NULL,
  `last_name` varchar(100) DEFAULT NULL,
  `created_at` date DEFAULT curdate(),
  `gender` enum('Чоловіча','Жіноча','Інша') DEFAULT NULL,
  `phone_number` varchar(20) DEFAULT NULL,
  `country` varchar(50) DEFAULT NULL,
  `date_of_birth` date DEFAULT NULL,
  `googleId` varchar(50) DEFAULT NULL,
  `picture` varchar(255) DEFAULT '/img/User-Default.svg',
  `role` enum('admin','user','support','developer') DEFAULT 'user'
) ENGINE=InnoDB DEFAULT CHARSET=utf8mb4 COLLATE=utf8mb4_general_ci;

--
-- Dumping data for table `users`
--

INSERT INTO `users` (`id`, `bonus_money`, `email`, `password`, `first_name`, `last_name`, `created_at`, `gender`, `phone_number`, `country`, `date_of_birth`, `googleId`, `picture`, `role`) VALUES
(61, 100, 'vasyl.falovskyi.19@pnu.edu.ua', '$2a$04$5s.6/cJdE.L1MXbXy/FJ4.BGNTxKQjUQg7Y.epSfUieHmdPGMS42W', 'Василь', 'Фальовський', '2024-10-21', NULL, NULL, NULL, NULL, '110477461198784838557', '/uploads/110477461198784838557.jpg', 'admin'),
(64, 28, 'vasya.falyovskij@gmail.com', '$2a$04$tfrdUnez/GY9wGD9xdZX.OtgIas710bIu9Ievkve7ViVGtp2ldTAS', 'Василь', 'Фальовський', '2024-10-21', 'Чоловіча', '+380956555110', 'United States', '2000-01-12', '117198055959106867405', '/uploads/117198055959106867405.jpg', 'admin'),
(66, 2007, 'ron.bartonzzz@gmail.com', '$2a$04$iceiVZUFFwykVQc80RYLGO9mZiQkZSae1yHEkb.FGKtNwyhdMtdm.', 'Васильdsa', 'Фальовський', '2024-10-22', 'Чоловіча', '0956555110', 'Ukraine', '2004-01-12', '107720322142409920200', '/uploads/107720322142409920200.jpg', 'developer'),
(67, 100, 'requiemforwasted@gmail.com', '$2a$04$0629cXioUXRcLRRLkGJh7usR5TYVqm1K35UChogQar1Odc7twP3Pa', 'wasted', NULL, '2024-10-23', NULL, NULL, NULL, NULL, '117394367964832870351', '/uploads/117394367964832870351.jpg', 'admin'),
(68, 100, 'voronych.nestor@gmail.com', '$2a$07$gK0p.0rUTIP5mCT960.SM.v2ZmvdQAHiP4VS8DybcopS8OhpQNzbK', 'Nestor', 'Voronych', '2024-10-23', NULL, NULL, NULL, NULL, NULL, '/img/User-Default.svg', 'admin');

-- --------------------------------------------------------

--
-- Table structure for table `user_likes_dislikes`
--

CREATE TABLE `user_likes_dislikes` (
  `id` int(11) NOT NULL,
  `user_id` int(11) NOT NULL,
  `comment_id` int(11) NOT NULL,
  `action` enum('like','dislike') NOT NULL,
  `created_at` timestamp NOT NULL DEFAULT current_timestamp()
) ENGINE=InnoDB DEFAULT CHARSET=utf8mb4 COLLATE=utf8mb4_unicode_ci;

--
-- Dumping data for table `user_likes_dislikes`
--

INSERT INTO `user_likes_dislikes` (`id`, `user_id`, `comment_id`, `action`, `created_at`) VALUES
(825, 64, 46, 'like', '2024-10-22 10:36:01'),
(843, 64, 106, 'like', '2024-10-22 10:47:30'),
(846, 64, 107, 'dislike', '2024-10-22 10:52:38'),
(848, 64, 160, 'dislike', '2024-10-22 10:53:19'),
(849, 64, 159, 'like', '2024-10-22 10:53:20'),
(850, 64, 158, 'dislike', '2024-10-22 10:53:21'),
(860, 67, 161, 'like', '2024-10-23 17:26:38'),
(861, 68, 162, 'like', '2024-10-23 17:33:56'),
(862, 66, 171, 'like', '2024-10-23 20:32:31'),
(863, 66, 172, 'like', '2024-10-23 20:32:31'),
(864, 66, 173, 'like', '2024-10-23 20:32:34'),
(872, 66, 161, 'like', '2024-10-24 15:39:27'),
(873, 64, 161, 'like', '2024-10-24 15:39:50'),
(876, 64, 39, 'like', '2024-10-26 10:54:02'),
(885, 66, 86, 'like', '2024-11-02 23:48:41'),
(886, 66, 87, 'like', '2024-11-02 23:48:42'),
(889, 66, 90, 'like', '2024-11-02 23:48:45'),
(890, 66, 89, 'dislike', '2024-11-02 23:48:56'),
(897, 66, 48, 'dislike', '2024-11-02 23:51:22'),
(898, 66, 49, 'dislike', '2024-11-02 23:51:23'),
(899, 66, 50, 'dislike', '2024-11-02 23:51:24'),
(904, 66, 155, 'dislike', '2024-11-02 23:51:27'),
(906, 64, 47, 'like', '2024-11-02 23:52:02'),
(907, 64, 48, 'like', '2024-11-02 23:52:03'),
(908, 64, 49, 'like', '2024-11-02 23:52:04'),
(909, 64, 50, 'like', '2024-11-02 23:52:05'),
(910, 64, 155, 'like', '2024-11-02 23:52:05'),
(911, 66, 45, 'dislike', '2024-11-02 23:58:48'),
(912, 66, 44, 'like', '2024-11-02 23:58:49'),
(914, 66, 268, 'like', '2024-11-03 19:43:51'),
(919, 66, 270, 'like', '2024-11-03 19:50:28'),
(925, 66, 275, 'like', '2024-11-03 19:57:06'),
(928, 66, 278, 'like', '2024-11-03 20:00:25'),
(931, 66, 281, 'dislike', '2024-11-03 20:21:30'),
(932, 66, 280, 'dislike', '2024-11-03 20:21:34'),
(934, 66, 121, 'like', '2024-11-03 20:49:43'),
(937, 66, 286, 'dislike', '2024-11-03 20:51:24'),
(939, 66, 285, 'dislike', '2024-11-03 20:51:27'),
(941, 66, 287, 'like', '2024-11-03 20:51:35'),
(942, 66, 203, 'like', '2024-11-03 21:00:34'),
(944, 66, 141, 'like', '2024-11-03 21:00:50'),
(945, 66, 288, 'like', '2024-11-03 21:01:01'),
(946, 66, 289, 'like', '2024-11-03 21:01:08'),
(947, 66, 290, 'like', '2024-11-03 21:01:21'),
(948, 66, 291, 'like', '2024-11-03 21:01:22'),
(949, 66, 175, 'dislike', '2024-11-03 21:01:45'),
(950, 66, 176, 'dislike', '2024-11-03 21:01:46'),
(951, 66, 294, 'dislike', '2024-11-03 21:01:59'),
(952, 66, 295, 'like', '2024-11-03 21:02:06'),
(953, 66, 296, 'like', '2024-11-03 21:02:15'),
(955, 66, 297, 'like', '2024-11-03 21:03:12'),
(956, 66, 298, 'like', '2024-11-03 21:03:24'),
(957, 66, 299, 'dislike', '2024-11-03 21:03:32'),
(958, 66, 300, 'dislike', '2024-11-03 21:03:33'),
(960, 66, 302, 'like', '2024-11-03 21:04:06'),
(961, 66, 301, 'like', '2024-11-03 21:04:08'),
(962, 66, 305, 'like', '2024-11-03 21:11:35'),
(963, 66, 306, 'like', '2024-11-03 21:11:36'),
(964, 66, 310, 'like', '2024-11-03 21:15:51'),
(965, 66, 311, 'like', '2024-11-03 21:16:03'),
(966, 66, 312, 'like', '2024-11-03 21:16:04'),
(967, 66, 319, 'like', '2024-11-03 21:31:36'),
(969, 66, 320, 'like', '2024-11-03 21:32:06'),
(970, 66, 321, 'like', '2024-11-03 21:32:47'),
(971, 66, 323, 'like', '2024-11-03 21:32:55'),
(972, 66, 322, 'like', '2024-11-03 21:32:55'),
(973, 66, 215, 'like', '2024-11-03 21:44:50'),
(974, 66, 214, 'like', '2024-11-03 21:44:51'),
(975, 66, 257, 'like', '2024-11-03 21:44:53'),
(976, 66, 250, 'like', '2024-11-03 21:44:55'),
(977, 66, 326, 'like', '2024-11-03 21:58:12'),
(1013, 66, 195, 'like', '2024-11-03 22:19:05'),
(1014, 66, 177, 'dislike', '2024-11-03 22:19:29'),
(1015, 66, 328, 'dislike', '2024-11-03 22:19:32'),
(1017, 66, 329, 'dislike', '2024-11-04 10:18:12'),
(1019, 66, 168, 'like', '2024-11-04 10:33:04'),
(1024, 66, 279, 'like', '2024-11-04 10:37:55'),
(1030, 66, 42, 'like', '2024-11-04 10:45:42'),
(1031, 66, 43, 'like', '2024-11-04 10:45:46'),
(1038, 66, 308, 'like', '2024-11-04 12:14:33'),
(1039, 66, 307, 'like', '2024-11-04 12:14:34'),
(1041, 66, 371, 'like', '2024-11-04 14:38:09'),
(1042, 66, 39, 'like', '2024-11-04 18:44:58'),
(1043, 66, 41, 'like', '2024-11-04 18:45:01'),
(1044, 66, 313, 'like', '2024-11-04 20:11:51'),
(1045, 66, 314, 'like', '2024-11-04 20:11:52'),
(1046, 66, 315, 'like', '2024-11-04 20:11:53'),
(1047, 66, 316, 'like', '2024-11-04 20:11:54'),
(1048, 66, 317, 'like', '2024-11-04 20:11:55'),
(1060, 66, 47, 'dislike', '2024-11-09 22:58:02'),
(1061, 66, 46, 'dislike', '2024-11-09 22:58:02');

-- --------------------------------------------------------

--
-- Table structure for table `user_views`
--

CREATE TABLE `user_views` (
  `id` int(11) NOT NULL,
  `user_id` int(11) NOT NULL,
  `news_id` int(11) NOT NULL,
  `created_at` timestamp NOT NULL DEFAULT current_timestamp()
) ENGINE=InnoDB DEFAULT CHARSET=utf8mb4 COLLATE=utf8mb4_unicode_ci;

--
-- Dumping data for table `user_views`
--

INSERT INTO `user_views` (`id`, `user_id`, `news_id`, `created_at`) VALUES
(2, 66, 37, '2024-10-24 10:07:12'),
(3, 66, 38, '2024-10-24 10:08:35'),
(4, 66, 39, '2024-10-24 10:08:42'),
(5, 66, 40, '2024-10-24 10:09:02'),
(6, 66, 41, '2024-10-24 10:09:09'),
(7, 66, 42, '2024-10-24 10:09:18'),
(8, 66, 43, '2024-10-24 10:09:23'),
(9, 64, 37, '2024-10-24 10:23:09'),
(10, 64, 49, '2024-10-24 10:37:15'),
(11, 64, 54, '2024-10-24 10:37:26'),
(12, 64, 50, '2024-10-30 11:15:20'),
(13, 66, 46, '2024-11-02 23:36:35'),
(14, 64, 38, '2024-11-02 23:51:56'),
(15, 66, 55, '2024-11-03 19:38:17'),
(16, 66, 52, '2024-11-03 20:49:37'),
(17, 66, 56, '2024-11-03 21:00:39'),
(18, 66, 47, '2024-11-04 10:29:50'),
(19, 66, 53, '2024-11-09 10:44:48');

--
-- Indexes for dumped tables
--

--
-- Indexes for table `comments`
--
ALTER TABLE `comments`
  ADD PRIMARY KEY (`id`),
  ADD KEY `news_id` (`news_id`),
  ADD KEY `match_id` (`match_id`),
  ADD KEY `fk_user_id` (`user_id`);

--
-- Indexes for table `games`
--
ALTER TABLE `games`
  ADD PRIMARY KEY (`id`);

--
-- Indexes for table `games_list`
--
ALTER TABLE `games_list`
  ADD PRIMARY KEY (`id`);

--
-- Indexes for table `matches`
--
ALTER TABLE `matches`
  ADD PRIMARY KEY (`MatchID`),
  ADD KEY `Team1ID` (`Team1ID`),
  ADD KEY `Team2ID` (`Team2ID`),
  ADD KEY `fk_game` (`game_id`);

--
-- Indexes for table `news`
--
ALTER TABLE `news`
  ADD PRIMARY KEY (`id`),
  ADD KEY `game_id` (`game_id`);

--
-- Indexes for table `notifications`
--
ALTER TABLE `notifications`
  ADD PRIMARY KEY (`id`),
  ADD KEY `user_id` (`user_id`),
  ADD KEY `fk_stake` (`stake_id`);

--
-- Indexes for table `product`
--
ALTER TABLE `product`
  ADD PRIMARY KEY (`id`);

--
-- Indexes for table `stake`
--
ALTER TABLE `stake`
  ADD PRIMARY KEY (`id`),
  ADD KEY `match_id` (`match_id`),
  ADD KEY `fk_user_stake` (`user_id`),
  ADD KEY `fk_team` (`team_id`);

--
-- Indexes for table `support`
--
ALTER TABLE `support`
  ADD PRIMARY KEY (`id`),
  ADD KEY `author_id` (`author_id`);

--
-- Indexes for table `teams`
--
ALTER TABLE `teams`
  ADD PRIMARY KEY (`TeamID`);

--
-- Indexes for table `users`
--
ALTER TABLE `users`
  ADD PRIMARY KEY (`id`),
  ADD UNIQUE KEY `email` (`email`);

--
-- Indexes for table `user_likes_dislikes`
--
ALTER TABLE `user_likes_dislikes`
  ADD PRIMARY KEY (`id`),
  ADD UNIQUE KEY `unique_like_dislike` (`user_id`,`comment_id`),
  ADD KEY `user_likes_dislikes_ibfk_2` (`comment_id`);

--
-- Indexes for table `user_views`
--
ALTER TABLE `user_views`
  ADD PRIMARY KEY (`id`),
  ADD KEY `user_id` (`user_id`),
  ADD KEY `news_id` (`news_id`);

--
-- AUTO_INCREMENT for dumped tables
--

--
-- AUTO_INCREMENT for table `comments`
--
ALTER TABLE `comments`
  MODIFY `id` int(11) NOT NULL AUTO_INCREMENT, AUTO_INCREMENT=383;

--
-- AUTO_INCREMENT for table `games`
--
ALTER TABLE `games`
  MODIFY `id` int(11) NOT NULL AUTO_INCREMENT;

--
-- AUTO_INCREMENT for table `games_list`
--
ALTER TABLE `games_list`
  MODIFY `id` int(11) NOT NULL AUTO_INCREMENT, AUTO_INCREMENT=16;

--
-- AUTO_INCREMENT for table `matches`
--
ALTER TABLE `matches`
  MODIFY `MatchID` int(11) NOT NULL AUTO_INCREMENT, AUTO_INCREMENT=153;

--
-- AUTO_INCREMENT for table `news`
--
ALTER TABLE `news`
  MODIFY `id` int(11) NOT NULL AUTO_INCREMENT, AUTO_INCREMENT=57;

--
-- AUTO_INCREMENT for table `notifications`
--
ALTER TABLE `notifications`
  MODIFY `id` int(11) NOT NULL AUTO_INCREMENT, AUTO_INCREMENT=58;

--
-- AUTO_INCREMENT for table `product`
--
ALTER TABLE `product`
  MODIFY `id` bigint(20) NOT NULL AUTO_INCREMENT;

--
-- AUTO_INCREMENT for table `stake`
--
ALTER TABLE `stake`
  MODIFY `id` int(11) NOT NULL AUTO_INCREMENT, AUTO_INCREMENT=83;

--
-- AUTO_INCREMENT for table `support`
--
ALTER TABLE `support`
  MODIFY `id` int(11) NOT NULL AUTO_INCREMENT, AUTO_INCREMENT=12;

--
-- AUTO_INCREMENT for table `teams`
--
ALTER TABLE `teams`
  MODIFY `TeamID` int(11) NOT NULL AUTO_INCREMENT, AUTO_INCREMENT=133;

--
-- AUTO_INCREMENT for table `users`
--
ALTER TABLE `users`
  MODIFY `id` int(11) NOT NULL AUTO_INCREMENT, AUTO_INCREMENT=69;

--
-- AUTO_INCREMENT for table `user_likes_dislikes`
--
ALTER TABLE `user_likes_dislikes`
  MODIFY `id` int(11) NOT NULL AUTO_INCREMENT, AUTO_INCREMENT=1063;

--
-- AUTO_INCREMENT for table `user_views`
--
ALTER TABLE `user_views`
  MODIFY `id` int(11) NOT NULL AUTO_INCREMENT, AUTO_INCREMENT=20;

--
-- Constraints for dumped tables
--

--
-- Constraints for table `comments`
--
ALTER TABLE `comments`
  ADD CONSTRAINT `comments_ibfk_1` FOREIGN KEY (`news_id`) REFERENCES `news` (`id`) ON DELETE CASCADE,
  ADD CONSTRAINT `fk_user_id` FOREIGN KEY (`user_id`) REFERENCES `users` (`id`);

--
-- Constraints for table `matches`
--
ALTER TABLE `matches`
  ADD CONSTRAINT `fk_game` FOREIGN KEY (`game_id`) REFERENCES `games_list` (`id`) ON DELETE CASCADE ON UPDATE CASCADE,
  ADD CONSTRAINT `matches_ibfk_1` FOREIGN KEY (`Team1ID`) REFERENCES `teams` (`TeamID`),
  ADD CONSTRAINT `matches_ibfk_2` FOREIGN KEY (`Team2ID`) REFERENCES `teams` (`TeamID`);

--
-- Constraints for table `news`
--
ALTER TABLE `news`
  ADD CONSTRAINT `news_ibfk_1` FOREIGN KEY (`game_id`) REFERENCES `games_list` (`id`);

--
-- Constraints for table `notifications`
--
ALTER TABLE `notifications`
  ADD CONSTRAINT `fk_stake` FOREIGN KEY (`stake_id`) REFERENCES `stake` (`id`) ON DELETE CASCADE,
  ADD CONSTRAINT `notifications_ibfk_1` FOREIGN KEY (`user_id`) REFERENCES `users` (`id`) ON DELETE CASCADE ON UPDATE CASCADE;

--
-- Constraints for table `stake`
--
ALTER TABLE `stake`
  ADD CONSTRAINT `fk_team` FOREIGN KEY (`team_id`) REFERENCES `teams` (`TeamID`) ON DELETE CASCADE,
  ADD CONSTRAINT `fk_user_stake` FOREIGN KEY (`user_id`) REFERENCES `users` (`id`) ON DELETE CASCADE ON UPDATE CASCADE,
  ADD CONSTRAINT `stake_ibfk_1` FOREIGN KEY (`match_id`) REFERENCES `matches` (`MatchID`);

--
-- Constraints for table `support`
--
ALTER TABLE `support`
  ADD CONSTRAINT `support_ibfk_1` FOREIGN KEY (`author_id`) REFERENCES `users` (`id`);

--
-- Constraints for table `user_likes_dislikes`
--
ALTER TABLE `user_likes_dislikes`
  ADD CONSTRAINT `user_likes_dislikes_ibfk_2` FOREIGN KEY (`comment_id`) REFERENCES `comments` (`id`) ON DELETE CASCADE;

--
-- Constraints for table `user_views`
--
ALTER TABLE `user_views`
  ADD CONSTRAINT `user_views_ibfk_1` FOREIGN KEY (`user_id`) REFERENCES `Users` (`id`) ON DELETE CASCADE,
  ADD CONSTRAINT `user_views_ibfk_2` FOREIGN KEY (`news_id`) REFERENCES `News` (`id`) ON DELETE CASCADE;
COMMIT;

/*!40101 SET CHARACTER_SET_CLIENT=@OLD_CHARACTER_SET_CLIENT */;
/*!40101 SET CHARACTER_SET_RESULTS=@OLD_CHARACTER_SET_RESULTS */;
/*!40101 SET COLLATION_CONNECTION=@OLD_COLLATION_CONNECTION */;
