-- phpMyAdmin SQL Dump
-- version 5.2.1
-- https://www.phpmyadmin.net/
--
-- Host: localhost
-- Generation Time: Oct 20, 2024 at 09:53 PM
-- Server version: 10.4.28-MariaDB
-- PHP Version: 8.2.4

SET SQL_MODE = "NO_AUTO_VALUE_ON_ZERO";
START TRANSACTION;
SET time_zone = "+00:00";


/*!40101 SET @OLD_CHARACTER_SET_CLIENT=@@CHARACTER_SET_CLIENT */;
/*!40101 SET @OLD_CHARACTER_SET_RESULTS=@@CHARACTER_SET_RESULTS */;
/*!40101 SET @OLD_COLLATION_CONNECTION=@@COLLATION_CONNECTION */;
/*!40101 SET NAMES utf8mb4 */;

--
-- Database: `React_app`
--

-- --------------------------------------------------------

--
-- Table structure for table `comments`
--

CREATE TABLE `comments` (
  `id` int(11) NOT NULL,
  `news_id` int(11) DEFAULT NULL,
  `author` varchar(70) DEFAULT NULL,
  `content` text DEFAULT NULL,
  `publish_date` datetime DEFAULT current_timestamp(),
  `likes` int(11) DEFAULT 0,
  `dislikes` int(11) DEFAULT 0,
  `picture` varchar(255) DEFAULT '/img/User-Default.svg'
) ENGINE=InnoDB DEFAULT CHARSET=utf8mb4 COLLATE=utf8mb4_unicode_ci;

--
-- Dumping data for table `comments`
--

INSERT INTO `comments` (`id`, `news_id`, `author`, `content`, `publish_date`, `likes`, `dislikes`, `picture`) VALUES
(39, 37, 'Nestor', 'ніколи такого не було і от знову\n', '2024-10-16 13:26:15', 92, 39, '/img/User-Default.svg'),
(41, 37, 'Nestor', 'Цікаво, як це розслідування може вплинути на психологічний стан гравців. Вони мають вміти відокремлювати особисті переживання від професійних зобов’язань, і це непросто в таких умовах.', '2024-10-16 13:45:02', 70, 66, '/img/User-Default.svg'),
(42, 37, 'Nestor', 'Вважаю, що чіткі правила в кіберспорті — це необхідність. Якщо команди знали б про всі можливі наслідки за порушення, можливо, вони б були більш обережними у своїх діях.', '2024-10-16 13:45:06', 65, 22, '/img/User-Default.svg'),
(43, 37, 'Nestor', 'Ситуація з Astralis підкреслює, як важливо мати ефективну комунікацію всередині команди. Якщо дійсно мали місце порушення, потрібно з\'ясувати, чому це сталося.', '2024-10-16 13:45:11', 11, 82, '/img/User-Default.svg'),
(44, 37, 'Nestor', 'Я сподіваюся, що це розслідування не стане причиною для драматизації, а призведе до конструктивного діалогу про етику в кіберспорті. Гравці повинні знати, що їх дії можуть мати серйозні наслідки.', '2024-10-16 13:45:15', 32, 66, '/img/User-Default.svg'),
(45, 37, 'Nestor', 'Цікаво, чи вплине це розслідування на майбутні трансфери гравців у команді Astralis. Якщо ситуація виявиться негативною, можливо, вони втратять деяких ключових гравців, що вплине на їхню конкурентоспроможність.', '2024-10-16 13:45:20', 30, 75, '/img/User-Default.svg'),
(46, 38, 'Nestor', 'Цей продаж справді вражає. Бекхем, безумовно, зробив великий внесок у популяризацію GUILD, і буде цікаво побачити, як новий власник зможе продовжити цю справу.', '2024-10-16 13:48:41', 45, 75, '/img/User-Default.svg'),
(47, 38, 'Nestor', '', '2024-10-16 13:48:44', 36, 53, '/img/User-Default.svg'),
(48, 38, 'Nestor', 'Гравці GUILD можуть опинитися в складній ситуації. Незрозумілість щодо майбутнього команди може вплинути на їхню продуктивність, особливо в період переходу.', '2024-10-16 13:48:48', 36, 28, '/img/User-Default.svg'),
(49, 38, 'Nestor', 'Інвестиції нового власника можуть суттєво змінити обличчя GUILD Esports. Якщо будуть вкладені кошти в молоді таланти, це може підвищити шанси на успіх команди в змаганнях.', '2024-10-16 13:48:51', 60, 63, '/img/User-Default.svg'),
(50, 38, 'Nestor', 'Майбутнє GUILD виглядає багатообіцяючим, якщо новий власник зможе зберегти курс на розвиток. Але без чіткої стратегії це може перетворитися на серйозний виклик. Сподіваюся, вони знайдуть правильний баланс.', '2024-10-16 13:48:53', 95, 39, '/img/User-Default.svg'),
(51, 39, 'Nestor', 'Заміна гравця може стати новим початком для Astralis. Іноді зміна одного елемента команди може суттєво покращити її загальну динаміку.', '2024-10-16 13:49:06', 15, 89, '/img/User-Default.svg'),
(52, 39, 'Nestor', 'Цікаво, хто стане новим гравцем! Важливо знайти людину, яка не лише володіє навичками, але й впишеться в командну атмосферу та менталітет.', '2024-10-16 13:49:09', 50, 48, '/img/User-Default.svg'),
(53, 39, 'Nestor', 'Цей крок може стати справжнім випробуванням для команди. Зміна в складі завжди пов’язана з невизначеністю, але може також надати нові можливості для розвитку.', '2024-10-16 13:49:13', 15, 52, '/img/User-Default.svg'),
(54, 39, 'Nestor', 'Важливо, щоб Astralis правильно оцінила причини заміни. Якщо проблеми були всередині команди, новий гравець може не вирішити їх, якщо не будуть внесені зміни в загальну стратегію.', '2024-10-16 13:49:17', 96, 16, '/img/User-Default.svg'),
(55, 39, 'Nestor', 'Чи може ця заміна надати Astralis конкурентну перевагу? Якщо новий гравець принесе нові ідеї та стилі гри, це може суттєво змінити результати команди в майбутніх змаганнях.', '2024-10-16 13:49:20', 64, 96, '/img/User-Default.svg'),
(56, 40, 'Nestor', 'Ця перемога — дійсно неймовірне досягнення! NaVi підтвердили, що вміють боротися з найкращими, і тепер їхній статус у світі кіберспорту ще більше зміцнено.', '2024-10-16 13:49:48', 25, 60, '/img/User-Default.svg'),
(57, 40, 'Nestor', 'Командна взаємодія NaVi вразила! Виглядає так, ніби кожен гравець знає свої обов’язки та діє на максимум. Це дійсно те, що робить команду непереможною.', '2024-10-16 13:49:51', 14, 95, '/img/User-Default.svg'),
(58, 40, 'Nestor', 'Суперники NaVi заслуговують на похвалу. Всі команди показали високий рівень, але NaVi виявилися сильнішими в критичні моменти. Конкуренція лише додає цінності їхній перемозі.', '2024-10-16 13:49:54', 72, 16, '/img/User-Default.svg'),
(59, 40, 'Nestor', 'Ця перемога, безумовно, підвищить впевненість NaVi. Вона відкриває нові можливості, а також може залучити нових спонсорів, які захочуть інвестувати в таку успішну команду.', '2024-10-16 13:49:58', 41, 55, '/img/User-Default.svg'),
(60, 40, 'Nestor', 'Для українського кіберспорту це величезний крок вперед! NaVi стали символом для багатьох, і їхній успіх свідчить про великий потенціал українських гравців на міжнародній арені.', '2024-10-16 13:50:02', 71, 39, '/img/User-Default.svg'),
(61, 41, 'Nestor', 'Це дійсно захоплююча новина! Повернення Faker може суттєво підняти інтерес до League of Legends, адже його талант завжди привертав увагу шанувальників.', '2024-10-16 13:50:23', 40, 20, '/img/User-Default.svg'),
(62, 41, 'Nestor', 'Фейкер — справжній лідер на полі! Його досвід може стати безцінним для молодших гравців команди, які матимуть можливість вчитися у одного з найкращих.', '2024-10-16 13:50:41', 69, 63, '/img/User-Default.svg'),
(63, 41, 'Nestor', 'Повернення на вершину — це не просто питання таланту, але й адаптації. Якщо Faker зможе впоратися з новими змінами в грі, його повернення може стати справжнім тріумфом.', '2024-10-16 13:50:45', 36, 64, '/img/User-Default.svg'),
(64, 41, 'Nestor', 'Які виклики чекають на Faker? Йому потрібно буде знову звикнути до високого рівня конкуренції, а також навчитися працювати з новими тактиками та стратегіями. Це непросто, але він може це зробити', '2024-10-16 13:50:49', 55, 32, '/img/User-Default.svg'),
(65, 41, 'Nestor', 'Для фанатів це справжній подарунок! Повернення Faker обіцяє більше емоційних моментів і можливість побачити легендарного гравця на сцені знову. Чекаю з нетерпінням на його матчі!', '2024-10-16 13:50:54', 65, 47, '/img/User-Default.svg'),
(66, 42, 'Nestor', 'Це просто неймовірно! Анонс CS\n2 відкриває нові горизонти для шанувальників, які вже давно чекали на оновлення. Я сподіваюся, що гра зможе зберегти свою унікальність при введенні нових функцій.', '2024-10-16 13:51:11', 60, 43, '/img/User-Default.svg'),
(67, 42, 'Nestor', 'Очікування нової графіки та вдосконалених механік - це, безумовно, те, чого прагнуть багато гравців. Нові карти можуть стати чудовим доповненням до гри, і я сподіваюся на нові можливості для творчості в стратегіях.\n\n', '2024-10-16 13:51:14', 97, 62, '/img/User-Default.svg'),
(68, 42, 'Nestor', 'Цікаво, як це вплине на професійну сцену CS\n. Гравці можуть знайти нові шляхи для тактики, а команди можуть отримати нові шанси на успіх. Це, безумовно, зробить турніри ще більш захоплюючими!', '2024-10-16 13:51:17', 23, 84, '/img/User-Default.svg'),
(69, 42, 'Nestor', 'Адаптація до CS 2 може бути непростим завданням. Гравці повинні будуть пройти шлях від новачка до професіонала знову, що потребує багато часу та зусиль. Це буде справжнє випробування для всіх!', '2024-10-16 13:51:24', 86, 44, '/img/User-Default.svg'),
(70, 42, 'Nestor', 'Цей анонс може кардинально змінити спільноту CS. Нові події та турніри з новими механіками можуть залучити більше гравців і шанувальників, створюючи нову енергію в спільноті. Я з нетерпінням чекаю на цей розвиток!', '2024-10-16 13:51:31', 82, 47, '/img/User-Default.svg'),
(71, 43, 'Nestor', 'Це дійсно захоплююча новина для всіх шанувальників PUBG! Знати дати турніру дозволяє всім спланувати свої графіки і налаштуватися на важливі моменти в грі. Чекаю з нетерпінням!', '2024-10-16 13:51:47', 51, 96, '/img/User-Default.svg'),
(72, 43, 'Nestor', 'Сподіваюся, що цього року ми побачимо не лише відомі команди, а й нові колективи, які готові дивувати. PUBG Global Championship завжди був платформою для справжніх зірок!\n\n', '2024-10-16 13:51:51', 88, 56, '/img/User-Default.svg'),
(73, 43, 'Nestor', 'Згідно з попередніми чемпіонатами, традиційно фаворитами можуть стати команди з гарними показниками. Але саме нові команди можуть здивувати і стати справжніми відкриттями турніру!\n\n', '2024-10-16 13:51:55', 11, 74, '/img/User-Default.svg'),
(74, 43, 'Nestor', 'Формат турніру дійсно може змінити все. Залежно від правил та ігрових днів, команди можуть бути змушені адаптувати свої стратегії, що зробить турнір ще більш цікавим!\n\n', '2024-10-16 13:51:58', 49, 14, '/img/User-Default.svg'),
(75, 43, 'Nestor', 'Це оголошення може об\'єднати спільноту PUBG на новому рівні. Фанати зможуть активно обговорювати прогнози, ділитися думками та підтримувати улюблені команди, що створить атмосферу єдності.', '2024-10-16 13:52:22', 22, 19, '/img/User-Default.svg'),
(76, 44, 'Nestor', 'Це неймовірна новина! Півфінали обіцяють не тільки захоплюючі матчі, але й емоції, які можуть надихнути нових шанувальників League of Legends. Чекаю з нетерпінням на ці бої!', '2024-10-16 13:52:44', 46, 43, '/img/User-Default.svg'),
(77, 44, 'Nestor', 'Деякі команди дійсно вразили своїм стилем гри та стратегіями. Це показує, як важливо адаптуватися до ситуацій, що виникають під час турніру. Які команди вас вразили найбільше?', '2024-10-16 13:52:48', 63, 58, '/img/User-Default.svg'),
(78, 44, 'Nestor', 'Ключові фактори, такі як командна хімія та стратегічне мислення, дійсно стали визначальними для успіху команд. Залишається спостерігати, як вони справляться під тиском півфіналів!', '2024-10-16 13:52:52', 78, 61, '/img/User-Default.svg'),
(79, 44, 'Nestor', 'Мої прогнози на півфінали? Сподіваюся на захоплюючі поєдинки, де кожна команда покаже свої сильні сторони. Буде цікаво побачити, хто зможе виграти в критичних моментах!\n\n', '2024-10-16 13:52:56', 12, 32, '/img/User-Default.svg'),
(80, 44, 'Nestor', 'Півфінали Worlds — це чудова можливість для всього кіберспортивного середовища. Вони підкреслюють високий рівень змагань у League of Legends та залучають нових гравців до гри, створюючи ще більше ентузіазму навколо кіберспорту.\n\n\n\n\n\n\n', '2024-10-16 13:52:59', 86, 60, '/img/User-Default.svg'),
(81, 45, 'Nestor', 'Це вражаючий показник! Рекордний призовий фонд The International підкреслює зростаючу популярність Dota 2 і підтверджує, що кіберспорт має велике майбутнє. Спільнота дійсно робить величезний внесок у розвиток гри!\n\n', '2024-10-16 13:53:23', 24, 11, '/img/User-Default.svg'),
(82, 45, 'Nestor', 'Активне краудфандингове фінансування через Battle Pass справді змінює гру! Це чудовий спосіб, як фанати можуть підтримувати свої команди, і водночас отримувати щось цікаве для себе.\n\n', '2024-10-16 13:53:28', 32, 46, '/img/User-Default.svg'),
(83, 45, 'Nestor', 'Високий призовий фонд додає серйозної мотивації командам. Це не лише гра на титул, а й шанс отримати значну фінансову винагороду. Напруження і конкуренція будуть на максимальному рівні!\n\n', '2024-10-16 13:53:31', 81, 98, '/img/User-Default.svg'),
(84, 45, 'Nestor', 'Цей рекорд може змінити правила гри для наступних International. Більше уваги та залучення нових гравців може призвести до ще більш захоплюючих змагань у майбутньому!\n\n', '2024-10-16 13:53:34', 26, 71, '/img/User-Default.svg'),
(85, 45, 'Nestor', 'Це позитивний знак для спільноти Dota 2. Рекордний призовий фонд свідчить про здоровий розвиток гри та може допомогти у підтримці нових талантів, що тільки підвищить рівень конкуренції.\n\n\n\n\n\n\n', '2024-10-16 13:53:38', 60, 51, '/img/User-Default.svg'),
(86, 46, 'Nestor', 'Відбори на Fortnite World Cup дійсно вразили! Сильна конкуренція та вражаючі навички гравців роблять цей турнір надзвичайно цікавим. Очікую на справжнє шоу на фіналі!', '2024-10-16 13:53:58', 31, 35, '/img/User-Default.svg'),
(87, 46, 'Nestor', 'Декілька гравців, які стабільно потрапляли в топ-5, справді показали свій потенціал. Це означає, що вони можуть стати серйозними суперниками на World Cup!\n\n', '2024-10-16 13:54:02', 56, 12, '/img/User-Default.svg'),
(88, 46, 'Nestor', 'Адаптація до змін у меті була ключовою для успіху команд. Командна хімія та стратегічні рішення стали важливими факторами, які вплинули на результати відборів. Це дійсно цікаво спостерігати!\n\n', '2024-10-16 13:54:05', 90, 36, '/img/User-Default.svg'),
(89, 46, 'Nestor', 'Я очікую на захоплюючі матчі на Fortnite World Cup! Непередбачувані результати та високий рівень конкуренції обіцяють багато моментів, які запам’ятаються шанувальникам.\n\n', '2024-10-16 13:54:08', 89, 44, '/img/User-Default.svg'),
(90, 46, 'Nestor', 'Результати відборів свідчать про здорову конкуренцію у Fortnite. Це може залучити нових гравців до спільноти та спонукати їх розвивати свої навички, що, безумовно, позитивно вплине на майбутнє гри!\n\n\n\n\n\n\n', '2024-10-16 13:54:10', 79, 13, '/img/User-Default.svg'),
(91, 47, 'Nestor', 'Цей турнір дійсно став святом для шанувальників Valorant! Високий рівень гри та емоційні фінали підтвердили, що ми маємо справу з однією з найцікавіших кіберспортивних дисциплін сьогодення.\n\n', '2024-10-16 13:55:06', 25, 12, '/img/User-Default.svg'),
(92, 47, 'Nestor', 'Вражаючі командні виступи та індивідуальна майстерність деяких гравців були на висоті! Це говорить про те, що в Valorant є чимало талантів, готових дивувати на світовій арені.\n\n', '2024-10-16 13:55:09', 62, 11, '/img/User-Default.svg'),
(93, 47, 'Nestor', 'Ключові моменти, коли команди зберігали спокій під тиском, стали вирішальними для успіху. Це підкреслює, наскільки важливо стратегічно мислити і приймати правильні рішення в критичних ситуаціях.\n\n', '2024-10-16 13:55:11', 43, 99, '/img/User-Default.svg'),
(94, 47, 'Nestor', 'Після такого успішного турніру, Valorant безумовно набере популярності на міжнародній арені. Це може залучити нові команди і гравців, а також підвищити конкуренцію на майбутніх чемпіонатах.\n\n', '2024-10-16 13:55:15', 21, 92, '/img/User-Default.svg'),
(95, 47, 'Nestor', 'Результати Valorant Champions свідчать про зростаючу популярність цієї гри в кіберспорті. Спільнота може очікувати на нові можливості для змагань і багато захоплюючих подій у найближчому майбутньому!\n\n\n\n\n\n\n', '2024-10-16 13:55:18', 55, 65, '/img/User-Default.svg'),
(96, 48, 'Nestor', 'Фінал обіцяє бути неймовірним! Дві найкращі команди змагатимуться за титул, і це обіцяє захоплюючі моменти та неймовірну гру. Важко дочекатися, щоб побачити, як вони продемонструють свої навички на великій сцені!', '2024-10-16 13:55:42', 25, 37, '/img/User-Default.svg'),
(97, 48, 'Nestor', 'Обидві команди вже показали, на що здатні, і їх сильні сторони виглядають вражаюче. Їх стратегічні рішення та потужні комбінації героїв можуть змінити хід гри, тому буде цікаво спостерігати за їхніми тактичними маневрами!\n\n\n', '2024-10-16 13:55:47', 38, 73, '/img/User-Default.svg'),
(98, 48, 'Nestor', 'Ключові фактори, такі як командна хімія та адаптивність, можуть стати вирішальними у фіналі. Команди, які зможуть зберігати спокій під тиском і швидко реагувати на зміни в грі, напевно, отримають перевагу.', '2024-10-16 13:55:51', 15, 65, '/img/User-Default.svg'),
(99, 48, 'Nestor', 'Цей фінал - справжня кульмінація року для спільноти Overwatch. Фанати зможуть підтримувати свої команди на найвищому рівні, і це створює унікальну атмосферу, наповнену емоціями та адреналіном!', '2024-10-16 13:55:54', 42, 94, '/img/User-Default.svg'),
(100, 48, 'Nestor', 'Очікую, що фінал підвищить інтерес до Overwatch League і залучить нових гравців. Якщо команди продемонструють видовищну гру, це створить позитивний імпульс для майбутніх сезонів, і ми можемо очікувати ще більше захоплюючих подій!', '2024-10-16 13:55:58', 65, 87, '/img/User-Default.svg'),
(101, 49, 'Nestor', 'Середина сезону справді вразила! Конкуренція між командами досягла нового рівня, і гра стала ще більш напруженою. З нетерпінням чекаю на подальший розвиток подій!', '2024-10-16 13:56:14', 10, 54, '/img/User-Default.svg'),
(102, 49, 'Nestor', 'Команди, які показали стабільні результати, заслуговують на визнання. Їхня майстерність та стратегічний підхід зробили їх фаворитами, і вони справді вражають!\n\n', '2024-10-16 13:56:17', 27, 91, '/img/User-Default.svg'),
(103, 49, 'Nestor', 'Основна тенденція в тому, що команди все більше покладаються на командну взаємодію. Це дозволяє їм краще адаптуватися до ситуацій у грі і демонструє, наскільки важливим є співробітництво між гравцями.\n\n', '2024-10-16 13:56:20', 95, 10, '/img/User-Default.svg'),
(104, 49, 'Nestor', 'Зміни в меті гри завжди створюють нові виклики для команд. Ті, хто вміє швидко пристосовуватися до нових умов, зазвичай мають значну перевагу, і це, безумовно, впливає на результати.\n\n', '2024-10-16 13:56:25', 25, 39, '/img/User-Default.svg'),
(105, 49, 'Nestor', 'Залишок сезону обіцяє бути ще більш захоплюючим! Очікую на несподівані повороти подій і запеклі матчі, адже команди, які зможуть зберегти стабільність, будуть претендувати на успіх у плей-оф!\n\n\n\n\n\n\n', '2024-10-16 13:56:27', 98, 67, '/img/User-Default.svg'),
(106, 50, 'Nestor', 'Оголошення розкладу — це чудова новина для всіх шанувальників Apex Legends! Тепер ми можемо спланувати своє спостереження за іграми та активно підтримувати улюблені команди протягом всього турніру.\n\n', '2024-10-16 13:56:49', 46, 28, '/img/User-Default.svg'),
(107, 50, 'Nestor', 'Стадії відбору та плей-оф завжди вражають! Вони виявляють справжні здібності команд і стають місцем для найбільш захоплюючих моментів. Чекаю на неймовірні матчі!\n\n', '2024-10-16 13:56:52', 19, 20, '/img/User-Default.svg'),
(108, 50, 'Nestor', 'Мені цікаво побачити, як провідні команди з усіх регіонів змагатимуться на турнірі. У багатьох з них є величезний потенціал, і це обіцяє бути видовищно!\n\n', '2024-10-16 13:56:56', 36, 96, '/img/User-Default.svg'),
(109, 50, 'Nestor', 'Ключовими факторами успіху на турнірі стануть командна хімія та стратегічні рішення. Гравці, які зможуть зберегти спокій під тиском, справді мають перевагу над суперниками.\n\n', '2024-10-16 13:56:59', 24, 49, '/img/User-Default.svg'),
(110, 50, 'Nestor', 'Цей розклад є важливим для спільноти Apex Legends. Він дозволяє фанатам слідкувати за розвитком подій і активно підтримувати свої команди, створюючи атмосферу справжнього змагання!\n\n\n\n\n\n\n', '2024-10-16 13:57:03', 93, 38, '/img/User-Default.svg'),
(111, 51, 'Nestor', 'Результати Rainbow Six Major вражають! Команди продемонстрували неймовірну майстерність та здатність адаптуватися, що робить матчі дійсно захоплюючими для глядачів.\n\n', '2024-10-16 13:57:20', 23, 33, '/img/User-Default.svg'),
(112, 51, 'Nestor', 'Особливо вражають команди, які показали високу командну хімію! Гравці, що проявили себе у критичних моментах, стали справжніми зірками цього турніру. Чекаю нових перемог від них!\n\n', '2024-10-16 13:57:24', 97, 41, '/img/User-Default.svg'),
(113, 51, 'Nestor', 'Ключові стратегії команд відіграли вирішальну роль у результатах турніру. Індівідуальні виступи, які вплинули на фінальні матчі, дійсно показали рівень майстерності гравців.\n\n', '2024-10-16 13:57:27', 48, 96, '/img/User-Default.svg'),
(114, 51, 'Nestor', 'Очікую, що результати цього Major підвищать інтерес до Rainbow Six на міжнародному рівні. З’явлення нових талантів може кардинально змінити динаміку наступних турнірів!\n\n', '2024-10-16 13:57:30', 27, 77, '/img/User-Default.svg'),
(115, 51, 'Nestor', 'Цей турнір підтверджує зростаючу популярність Rainbow Six і підтримку спільноти. Фанати можуть очікувати ще більше захоплюючих матчів і нових можливостей для змагань у майбутньому!\n\n\n\n\n\n\n', '2024-10-16 13:57:33', 72, 91, '/img/User-Default.svg'),
(116, 52, 'Nestor', 'Оновлення серії чемпіонату Rocket League дійсно обіцяє багато новинок! Нові правила та зміни у форматі турнірів зроблять матчі ще більш динамічними та захоплюючими для гравців і фанатів.\n\n', '2024-10-16 13:58:12', 90, 31, '/img/User-Default.svg'),
(117, 52, 'Nestor', 'Цікаво, як зміни в правилах вплинуть на стратегії команд! Команди, які швидко адаптуються до нововведень, можуть отримати суттєву перевагу, що створить нову динаміку в змаганнях.\n\n', '2024-10-16 13:58:15', 45, 52, '/img/User-Default.svg'),
(118, 52, 'Nestor', 'Нові функції кастомізації автомобілів і покращена система винагород - це чудовий спосіб залучити гравців! Ці нововведення підвищують мотивацію до участі в чемпіонаті.\n\n', '2024-10-16 13:58:18', 33, 70, '/img/User-Default.svg'),
(119, 52, 'Nestor', 'Прогнози щодо підвищення конкуренції в серії чемпіонату звучать обнадійливо! Команди, які зможуть адаптуватися до змін, зможуть показати високі результати в наступних сезонах.\n\n', '2024-10-16 13:58:21', 23, 93, '/img/User-Default.svg'),
(120, 52, 'Nestor', 'Ці зміни в серії чемпіонату Rocket League відображають зростаючу підтримку спільноти! Фанати можуть очікувати ще більше захоплюючих моментів та можливостей для участі в змаганнях у майбутньому.\n\n\n\n\n\n\n', '2024-10-16 13:58:24', 97, 66, '/img/User-Default.svg'),
(121, 53, 'Nestor', 'Цьогорічні нові члени Зали слави кіберспорту дійсно вражають! Їхній внесок у розвиток гри і досягнення на світових турнірах заслуговують на визнання та пошану.\n\n', '2024-10-16 13:58:53', 44, 41, '/img/User-Default.svg'),
(122, 53, 'Nestor', 'Визнання таких постатей у кіберспорті надихає нові покоління гравців. Це підтверджує, що зусилля і талант можуть призвести до великих досягнень на міжнародному рівні.\n\n', '2024-10-16 13:58:57', 10, 86, '/img/User-Default.svg'),
(123, 53, 'Nestor', 'Реакція спільноти на оголошення нових членів Зали слави була просто неймовірною! Вітання та захоплення від фанатів і колег показують, наскільки важливими є ці особистості для кіберспорту.\n\n', '2024-10-16 13:59:00', 88, 29, '/img/User-Default.svg'),
(124, 53, 'Nestor', 'Вплив нових членів на спільноту може бути величезним. Вони стають прикладом для молодих гравців, демонструючи, що важка праця та талант можуть призвести до визнання в галузі.\n\n', '2024-10-16 13:59:04', 43, 56, '/img/User-Default.svg'),
(125, 53, 'Nestor', 'Очікування щодо майбутніх введень до Зали слави також дуже обнадійливі. Кіберспорт постійно розвивається, і ми можемо сподіватися на появу ще більше видатних особистостей у найближчі роки.\n\n\n\n\n\n\n', '2024-10-16 13:59:07', 30, 96, '/img/User-Default.svg'),
(126, 54, 'Nestor', 'Турнір Street Fighter V справді вразив! Високий рівень майстерності гравців зробив матчі надзвичайно напруженими і видовищними. Це ще раз підтверджує, що файтинги залишаються на передовій кіберспорту.\n\n', '2024-10-16 14:00:20', 11, 30, '/img/User-Default.svg'),
(127, 54, 'Nestor', 'Гравці, які продемонстрували унікальні комбінації, стали справжніми зірками цього турніру. Їхня здатність адаптуватися до стилю суперників свідчить про глибоке розуміння гри та її механіки.', '2024-10-16 14:00:24', 45, 33, '/img/User-Default.svg'),
(128, 54, 'Nestor', 'Ключові моменти, коли гравці виривали перемогу з найбільш критичних ситуацій, дійсно запам’яталися. Це підкреслює, наскільки важливо залишатися спокійним і зосередженим під час гри.', '2024-10-16 14:00:26', 93, 66, '/img/User-Default.svg'),
(129, 54, 'Nestor', 'Очікування щодо майбутнього Street Fighter V виглядають обнадійливо. Зростання інтересу до гри вказує на те, що ми можемо побачити більше нових облич у наступних турнірах.\n\n', '2024-10-16 14:00:29', 51, 42, '/img/User-Default.svg'),
(130, 54, 'Nestor', 'Результати цього турніру свідчать про те, що Street Fighter V продовжує залишатися на вершині жанру файтингів. Спільнота може з нетерпінням очікувати нових можливостей для змагань і подальшого розвитку сцени.', '2024-10-16 14:00:33', 57, 92, '/img/User-Default.svg'),
(131, 55, 'Nestor', 'Завершення сезону Hearthstone Grandmasters вразило своєю емоційністю! Фінальні матчі дійсно стали святом для шанувальників, демонструючи високий рівень гри.', '2024-10-16 14:00:51', 31, 55, '/img/User-Default.svg'),
(132, 55, 'Nestor', 'Гравці, які показали стабільну гру та стратегічний підхід, заслуговують на визнання. Їхні зусилля допомогли підняти гру на новий рівень, і вони стали справжніми зірками сезону.', '2024-10-16 14:00:54', 63, 79, '/img/User-Default.svg'),
(133, 55, 'Nestor', 'Ключові моменти, такі як зміни в меті гри та адаптація до нових карт, дійсно стали визначальними для результатів сезону. Це підкреслює, наскільки важливо бути гнучким у підході до гри.\n\n', '2024-10-16 14:00:57', 35, 41, '/img/User-Default.svg'),
(134, 55, 'Nestor', 'Наступний сезон Hearthstone Grandmasters обіцяє бути ще більш захоплюючим! З новими стратегіями та талантами на сцені ми можемо очікувати цікавих змагань.', '2024-10-16 14:01:01', 67, 46, '/img/User-Default.svg'),
(135, 55, 'Nestor', 'Завершення цього сезону підтверджує, що Hearthstone залишається стабільною та популярною змагальною грою. Спільнота може з нетерпінням очікувати нових можливостей та цікавих моментів у майбутньому.', '2024-10-16 14:01:03', 40, 10, '/img/User-Default.svg'),
(136, 56, 'Nestor', 'Початок Warzone World Series став яскравим святом для фанатів, які з нетерпінням чекали на цю подію! Гравці з різних регіонів зібралися, щоб продемонструвати свої неймовірні навички.', '2024-10-16 14:01:21', 79, 82, '/img/User-Default.svg'),
(137, 56, 'Nestor', 'Особливо вразили команди, які показали відмінну стратегію і командну роботу. Спостерігати, як вони адаптуються до умов гри, було надзвичайно цікаво і вражаюче.', '2024-10-16 14:01:23', 85, 10, '/img/User-Default.svg'),
(138, 56, 'Nestor', 'Стратегічне планування та ефективна взаємодія між гравцями стали критично важливими для успіху. Команди, які добре комунікують, мають набагато більше шансів на перемогу.', '2024-10-16 14:01:26', 88, 65, '/img/User-Default.svg'),
(139, 56, 'Nestor', 'Прогнози щодо подальшого розвитку подій у Warzone World Series обіцяють захоплюючі моменти, адже команди почнуть адаптувати свої стратегії. Очікуються несподівані результати, які тільки підвищать інтригу турніру.\n\n', '2024-10-16 14:01:29', 84, 16, '/img/User-Default.svg'),
(140, 56, 'Nestor', 'Цей турнір підтверджує зростаючий інтерес до змагань у Warzone, і спільнота може очікувати на нові можливості та події, які зроблять кіберспортивну арену ще більш динамічною.', '2024-10-16 14:01:33', 60, 55, '/img/User-Default.svg'),
(141, 37, 'Василь', 'dsjfhkjhdffkjsjdkhf', '2024-10-19 12:48:50', 1, 0, 'https://lh3.googleusercontent.com/a/ACg8ocLLn3GWDom55ZxMFFfwYn4M6cnYr2cesYygzgm-SPmj2Kmi8hv2=s96-c'),
(142, 37, 'Василь', '', '2024-10-19 12:49:16', 0, 0, 'https://lh3.googleusercontent.com/a/ACg8ocLLn3GWDom55ZxMFFfwYn4M6cnYr2cesYygzgm-SPmj2Kmi8hv2=s96-c');

-- --------------------------------------------------------

--
-- Table structure for table `games_list`
--

CREATE TABLE `games_list` (
  `id` int(11) NOT NULL,
  `name` varchar(50) NOT NULL,
  `ImageSrc` varchar(100) NOT NULL,
  `views` int(11) NOT NULL,
  `min_logo` varchar(255) DEFAULT NULL
) ENGINE=InnoDB DEFAULT CHARSET=utf8mb4 COLLATE=utf8mb4_general_ci;

--
-- Dumping data for table `games_list`
--

INSERT INTO `games_list` (`id`, `name`, `ImageSrc`, `views`, `min_logo`) VALUES
(1, 'Counter-Strike 2', '/img/Games/Counter-Strike2.png', 80, 'img/GamesMiniLogo/counterstrike.png'),
(2, 'Call of Duty Warzone', 'img/Games/CallofDuty-Warzone.png', 88, 'img/GamesMiniLogo/CallofDuty-Warzone.png'),
(3, 'Dota 2', 'img/Games/Dota2.png', 123, 'img/GamesMiniLogo/Dota2.png'),
(4, 'FIFA киберспорт', 'img/Games/FIFA.png', 12, 'img/GamesMiniLogo/FIFA.png'),
(5, 'Halo Infinite', 'img/Games/HaloInfinite.png', 12, 'img/GamesMiniLogo/HaloInfinite.png'),
(6, 'League of Legends Wild Rift', 'img/Games/LeagueofLegends-WildRift.png', 11, 'img/GamesMiniLogo/LeagueofLegends-WildRift.png'),
(7, 'League of Legends', 'img/Games/LeagueofLegends.png', 11, 'img/GamesMiniLogo/LeagueofLegends.png'),
(8, 'Overwatch 2', 'img/Games/Overwatch2.png', 11, 'img/GamesMiniLogo/Overwatch2.png'),
(9, 'PlayerUnknown\'s Battlegrounds', 'img/Games/PlayerUnknown\'sBattlegrounds.png', 34, 'img/GamesMiniLogo/PlayerUnknown\'sBattlegrounds.png'),
(10, 'Pokkén Tournament', 'img/Games/PokkenTournament.png', 67, 'img/GamesMiniLogo/PokkenTournament.png'),
(11, 'Rocket League', 'img/Games/RocketLeague.png', 34, 'img/GamesMiniLogo/RocketLeague.png'),
(12, 'Tom Clancy’s Rainbow Six Siege', 'img/Games/TomClancysRainbowSixSiege.png', 87, 'img/GamesMiniLogo/RainbowSixSiege.png'),
(13, 'Valorant', 'img/Games/Valorant.png', 23, 'img/GamesMiniLogo/Valorant.png'),
(14, 'Deadlock', 'img/Games/Default.jpg', 4, 'img/GamesMiniLogo/Default.png');

-- --------------------------------------------------------

--
-- Table structure for table `matches`
--

CREATE TABLE `matches` (
  `MatchID` int(11) NOT NULL,
  `Place` varchar(255) DEFAULT NULL,
  `Team1ID` int(11) DEFAULT NULL,
  `Team1Coef` decimal(5,2) DEFAULT NULL,
  `Team2ID` int(11) DEFAULT NULL,
  `Team2Coef` decimal(5,2) DEFAULT NULL,
  `VsDate` date DEFAULT NULL,
  `time` time(6) NOT NULL,
  `Team1Score` tinyint(11) DEFAULT NULL,
  `Team2Score` tinyint(11) DEFAULT NULL,
  `game_id` int(11) NOT NULL,
  `season` varchar(50) NOT NULL
) ENGINE=InnoDB DEFAULT CHARSET=utf8mb4 COLLATE=utf8mb4_general_ci;

--
-- Dumping data for table `matches`
--

INSERT INTO `matches` (`MatchID`, `Place`, `Team1ID`, `Team1Coef`, `Team2ID`, `Team2Coef`, `VsDate`, `time`, `Team1Score`, `Team2Score`, `game_id`, `season`) VALUES
(14, 'New York', 20, 1.50, 26, 2.50, '2024-10-12', '15:00:00.000000', 2, 3, 1, 'CS:GO Major Championships 2024'),
(15, 'Berlin', 7, 1.80, 9, 2.00, '2024-10-13', '16:30:00.000000', 2, 3, 1, 'CS:GO Major Championships 2024'),
(16, 'Kyiv', 9, 1.70, 7, 1.90, '2024-10-14', '17:45:00.000000', 1, 1, 1, 'CS:GO Major Championships 2024'),
(17, 'Los Angeles', 19, 1.60, 18, 2.10, '2024-10-15', '18:15:00.000000', 1, 2, 1, 'CS:GO Major Championships 2024'),
(18, 'Tokyo', 5, 1.40, 22, 2.30, '2024-10-16', '19:00:00.000000', 2, 3, 1, 'CS:GO Major Championships 2024'),
(19, 'Paris', 16, 1.30, 8, 2.60, '2024-10-17', '20:30:00.000000', 3, 1, 1, 'CS:GO Major Championships 2024'),
(20, 'London', 17, 1.90, 16, 1.70, '2024-10-18', '14:00:00.000000', 3, 1, 1, 'CS:GO Major Championships 2024'),
(21, 'Moscow', 14, 1.50, 15, 2.40, '2024-10-19', '15:00:00.000000', 2, 3, 1, 'CS:GO Major Championships 2024'),
(22, 'Seoul', NULL, 1.20, 14, 3.00, '2024-10-20', '17:00:00.000000', 1, 2, 1, 'CS:GO Major Championships 2024'),
(23, 'Toronto', 25, 1.80, 23, 2.10, '2024-10-21', '19:00:00.000000', 3, 1, 1, 'CS:GO Major Championships 2024'),
(24, 'Los Angeles', 12, 1.55, 8, 2.45, '2024-10-22', '18:00:00.000000', 3, 2, 2, 'The International 2024'),
(25, 'Miami', 15, 1.65, 4, 1.85, '2024-10-23', '19:30:00.000000', 3, 2, 2, 'The International 2024'),
(26, 'London', 20, 1.70, 3, 1.90, '2024-10-24', '20:00:00.000000', 1, 2, 2, 'The International 2024'),
(27, 'Tokyo', 23, 1.80, NULL, 2.00, '2024-10-25', '15:30:00.000000', 1, 2, 2, 'The International 2024'),
(28, 'Berlin', 24, 1.40, 17, 2.30, '2024-10-26', '16:45:00.000000', 1, 3, 2, 'The International 2024'),
(29, 'Paris', 22, 1.30, 16, 2.60, '2024-10-27', '17:00:00.000000', 3, 3, 2, 'The International 2024'),
(30, 'Seoul', 23, 1.90, 26, 1.70, '2024-10-28', '18:15:00.000000', 3, 1, 2, 'The International 2024'),
(31, 'Toronto', 17, 1.55, 26, 2.45, '2024-10-29', '19:30:00.000000', 3, 1, 2, 'The International 2024'),
(32, 'Chicago', 9, 1.80, 9, 2.00, '2024-10-30', '20:00:00.000000', 1, 3, 2, 'The International 2024'),
(33, 'New York', 4, 1.75, 15, 1.85, '2024-10-31', '21:00:00.000000', 1, 2, 2, 'The International 2024'),
(34, 'Shanghai', 3, 1.60, 22, 2.40, '2024-10-22', '15:00:00.000000', 2, 1, 3, 'Dota 2 The International 2024'),
(35, 'Kuala Lumpur', 8, 1.75, 25, 1.95, '2024-10-23', '16:30:00.000000', 3, 1, 3, 'Dota 2 The International 2024'),
(36, 'Moscow', 16, 1.50, 18, 2.20, '2024-10-24', '17:45:00.000000', 2, 2, 3, 'Dota 2 The International 2024'),
(37, 'Berlin', 21, 1.85, 7, 1.90, '2024-10-25', '18:15:00.000000', 1, 2, 3, 'Dota 2 The International 2024'),
(38, 'Tokyo', 20, 1.45, 12, 2.55, '2024-10-26', '19:00:00.000000', 3, 1, 3, 'Dota 2 The International 2024'),
(39, 'Dubai', 19, 1.70, 11, 1.85, '2024-10-27', '20:30:00.000000', 2, 2, 3, 'Dota 2 The International 2024'),
(40, 'Singapore', 22, 1.80, 4, 2.00, '2024-10-28', '14:00:00.000000', 3, 2, 3, 'Dota 2 The International 2024'),
(41, 'Hanoi', NULL, 1.90, 25, 2.10, '2024-10-29', '15:00:00.000000', 1, 1, 3, 'Dota 2 The International 2024'),
(42, 'Manila', 5, 1.60, 9, 2.40, '2024-10-30', '16:00:00.000000', 3, 2, 3, 'Dota 2 The International 2024'),
(43, 'Bangkok', 9, 1.70, 25, 2.30, '2024-10-31', '17:00:00.000000', 1, 1, 3, 'Dota 2 The International 2024'),
(44, 'London', 26, 1.50, 12, 2.50, '2024-10-22', '15:00:00.000000', 3, 1, 4, 'FIFA eWorld Cup 2024'),
(45, 'Madrid', 22, 1.80, 21, 2.00, '2024-10-23', '16:30:00.000000', 2, 3, 4, 'FIFA eWorld Cup 2024'),
(46, 'Rome', 14, 1.70, 8, 1.90, '2024-10-24', '17:45:00.000000', 2, 2, 4, 'FIFA eWorld Cup 2024'),
(47, 'Berlin', 3, 1.60, 16, 2.10, '2024-10-25', '18:15:00.000000', 2, 3, 4, 'FIFA eWorld Cup 2024'),
(48, 'Paris', 7, 1.40, 21, 2.30, '2024-10-26', '19:00:00.000000', 1, 3, 4, 'FIFA eWorld Cup 2024'),
(49, 'Buenos Aires', 23, 1.30, 7, 2.60, '2024-10-27', '20:30:00.000000', 1, 2, 4, 'FIFA eWorld Cup 2024'),
(50, 'Sao Paulo', 19, 1.90, 22, 1.70, '2024-10-28', '14:00:00.000000', 2, 3, 4, 'FIFA eWorld Cup 2024'),
(51, 'Sydney', 4, 1.50, 19, 2.40, '2024-10-29', '15:00:00.000000', 1, 3, 4, 'FIFA eWorld Cup 2024'),
(52, 'Cape Town', 11, 1.20, 3, 3.00, '2024-10-30', '17:00:00.000000', 2, 2, 4, 'FIFA eWorld Cup 2024'),
(53, 'Los Angeles', 23, 1.80, 10, 2.10, '2024-10-31', '19:00:00.000000', 2, 3, 4, 'FIFA eWorld Cup 2024'),
(54, 'Los Angeles', 4, 1.50, 19, 2.50, '2024-10-22', '15:00:00.000000', 3, 1, 5, 'Halo Infinite Championship 2024'),
(55, 'San Francisco', 8, 1.65, 17, 1.85, '2024-10-23', '16:30:00.000000', 3, 3, 5, 'Halo Infinite Championship 2024'),
(56, 'Berlin', 12, 1.70, 5, 1.90, '2024-10-24', '17:45:00.000000', 3, 3, 5, 'Halo Infinite Championship 2024'),
(57, 'Tokyo', 3, 1.80, 11, 2.00, '2024-10-25', '18:15:00.000000', 1, 3, 5, 'Halo Infinite Championship 2024'),
(58, 'Seoul', 14, 1.40, 26, 2.30, '2024-10-26', '19:00:00.000000', 3, 3, 5, 'Halo Infinite Championship 2024'),
(59, 'Bangkok', 17, 1.30, 10, 2.60, '2024-10-27', '20:30:00.000000', 1, 3, 5, 'Halo Infinite Championship 2024'),
(60, 'Singapore', 21, 1.90, 25, 1.70, '2024-10-28', '14:00:00.000000', 2, 3, 5, 'Halo Infinite Championship 2024'),
(61, 'Paris', 25, 1.55, 4, 2.45, '2024-10-29', '15:00:00.000000', 3, 1, 5, 'Halo Infinite Championship 2024'),
(62, 'Moscow', 26, 1.80, 20, 2.00, '2024-10-30', '16:00:00.000000', 2, 2, 5, 'Halo Infinite Championship 2024'),
(63, 'Madrid', 14, 1.75, 15, 1.85, '2024-10-31', '17:00:00.000000', 1, 2, 5, 'Halo Infinite Championship 2024'),
(64, 'Los Angeles', 21, 1.60, 4, 2.40, '2024-10-22', '15:00:00.000000', 3, 1, 6, 'League of Legends Worlds 2024'),
(65, 'San Francisco', 8, 1.75, 14, 1.95, '2024-10-23', '16:30:00.000000', 3, 1, 6, 'League of Legends Worlds 2024'),
(66, 'London', 11, 1.50, 13, 2.20, '2024-10-24', '17:45:00.000000', 2, 3, 6, 'League of Legends Worlds 2024'),
(67, 'New York', 5, 1.85, 5, 1.90, '2024-10-25', '18:15:00.000000', 3, 1, 6, 'League of Legends Worlds 2024'),
(68, 'Toronto', 6, 1.45, 12, 2.55, '2024-10-26', '19:00:00.000000', 2, 2, 6, 'League of Legends Worlds 2024'),
(69, 'Paris', 7, 1.70, 9, 1.85, '2024-10-27', '20:30:00.000000', 2, 1, 6, 'League of Legends Worlds 2024'),
(70, 'Berlin', 10, 1.80, 24, 2.00, '2024-10-28', '14:00:00.000000', 3, 1, 6, 'League of Legends Worlds 2024'),
(71, 'Tokyo', 7, 1.90, 5, 2.10, '2024-10-29', '15:00:00.000000', 3, 3, 6, 'League of Legends Worlds 2024'),
(72, 'Moscow', 22, 1.60, 5, 2.40, '2024-10-30', '16:00:00.000000', 3, 1, 6, 'League of Legends Worlds 2024'),
(73, 'Shanghai', 17, 1.70, 18, 2.30, '2024-10-31', '17:00:00.000000', 3, 1, 6, 'League of Legends Worlds 2024'),
(74, 'Dallas', 17, 1.50, 22, 2.50, '2024-10-22', '15:00:00.000000', 1, 2, 7, 'LEC Summer Split 2024'),
(75, 'Los Angeles', 7, 1.80, 4, 2.00, '2024-10-23', '16:30:00.000000', 1, 2, 7, 'LEC Summer Split 2024'),
(76, 'Toronto', 18, 1.70, 25, 1.90, '2024-10-24', '17:45:00.000000', 2, 2, 7, 'LEC Summer Split 2024'),
(77, 'Seattle', 24, 1.85, 19, 1.90, '2024-10-25', '18:15:00.000000', 2, 3, 7, 'LEC Summer Split 2024'),
(78, 'Vancouver', 22, 1.45, 10, 2.55, '2024-10-26', '19:00:00.000000', 3, 1, 7, 'LEC Summer Split 2024'),
(79, 'Chicago', 15, 1.70, 17, 1.85, '2024-10-27', '20:30:00.000000', 1, 2, 7, 'LEC Summer Split 2024'),
(80, 'Boston', 12, 1.80, 19, 2.00, '2024-10-28', '14:00:00.000000', 1, 2, 7, 'LEC Summer Split 2024'),
(81, 'Shanghai', 16, 1.90, 21, 2.10, '2024-10-29', '15:00:00.000000', 2, 2, 7, 'LEC Summer Split 2024'),
(82, 'Seoul', 17, 1.60, 18, 2.40, '2024-10-30', '16:00:00.000000', 2, 3, 7, 'LEC Summer Split 2024'),
(83, 'Paris', 17, 1.70, 20, 2.30, '2024-10-31', '17:00:00.000000', 2, 2, 7, 'LEC Summer Split 2024'),
(84, 'Los Angeles', 18, 1.50, 21, 2.50, '2024-10-22', '15:00:00.000000', 3, 1, 8, 'Overwatch League Season 2024'),
(85, 'San Francisco', 22, 1.65, 15, 1.85, '2024-10-23', '16:30:00.000000', 1, 2, 8, 'Overwatch League Season 2024'),
(86, 'London', 8, 1.70, 26, 1.90, '2024-10-24', '17:45:00.000000', 3, 3, 8, 'Overwatch League Season 2024'),
(87, 'Tokyo', 22, 1.80, 19, 2.00, '2024-10-25', '18:15:00.000000', 3, 1, 8, 'Overwatch League Season 2024'),
(88, 'Berlin', 12, 1.40, 11, 2.30, '2024-10-26', '19:00:00.000000', 2, 1, 8, 'Overwatch League Season 2024'),
(89, 'Moscow', 10, 1.30, 17, 2.60, '2024-10-27', '20:30:00.000000', 1, 2, 8, 'Overwatch League Season 2024'),
(90, 'Dubai', 17, 1.90, 9, 1.70, '2024-10-28', '14:00:00.000000', 2, 3, 8, 'Overwatch League Season 2024'),
(91, 'Paris', 11, 1.55, 8, 2.45, '2024-10-29', '15:00:00.000000', 3, 2, 8, 'Overwatch League Season 2024'),
(92, 'Singapore', 11, 1.80, 15, 2.00, '2024-10-30', '16:00:00.000000', 2, 3, 8, 'Overwatch League Season 2024'),
(93, 'São Paulo', 5, 1.75, 4, 1.85, '2024-10-31', '17:00:00.000000', 1, 2, 8, 'Overwatch League Season 2024'),
(94, 'Toronto', 26, 1.50, 23, 2.50, '2024-10-22', '15:00:00.000000', 1, 3, 9, 'PUBG Global Championship 2024'),
(95, 'San Francisco', NULL, 1.65, 9, 1.85, '2024-10-23', '16:30:00.000000', 3, 2, 9, 'PUBG Global Championship 2024'),
(96, 'New York', 7, 1.70, 7, 1.90, '2024-10-24', '17:45:00.000000', 1, 1, 9, 'PUBG Global Championship 2024'),
(97, 'Moscow', 20, 1.80, 13, 2.00, '2024-10-25', '18:15:00.000000', 3, 1, 9, 'PUBG Global Championship 2024'),
(98, 'London', 9, 1.40, 18, 2.30, '2024-10-26', '19:00:00.000000', 2, 3, 9, 'PUBG Global Championship 2024'),
(99, 'Berlin', 17, 1.30, 23, 2.60, '2024-10-27', '20:30:00.000000', 2, 3, 9, 'PUBG Global Championship 2024'),
(100, 'Tokyo', 23, 1.90, NULL, 1.70, '2024-10-28', '14:00:00.000000', 1, 2, 9, 'PUBG Global Championship 2024'),
(101, 'Paris', 10, 1.55, NULL, 2.45, '2024-10-29', '15:00:00.000000', 1, 2, 9, 'PUBG Global Championship 2024'),
(102, 'Berlin', 8, 1.80, 6, 2.00, '2024-10-30', '16:00:00.000000', 1, 2, 9, 'PUBG Global Championship 2024'),
(103, 'São Paulo', 17, 1.75, 6, 1.85, '2024-10-31', '17:00:00.000000', 1, 2, 9, 'PUBG Global Championship 2024'),
(104, 'Los Angeles', 11, 1.50, 20, 2.50, '2024-12-01', '15:00:00.000000', 3, 2, 10, 'Pokkén Tournament Championship 2024'),
(105, 'Berlin', 15, 1.65, 26, 1.85, '2024-12-02', '16:30:00.000000', 2, 1, 10, 'Pokkén Tournament Championship 2024'),
(106, 'Toronto', 22, 1.70, 14, 1.90, '2024-12-03', '17:45:00.000000', 2, 1, 10, 'Pokkén Tournament Championship 2024'),
(107, 'Tokyo', 25, 1.80, 10, 2.00, '2024-12-04', '18:15:00.000000', 3, 1, 10, 'Pokkén Tournament Championship 2024'),
(108, 'London', 21, 1.40, 16, 2.30, '2024-12-05', '19:00:00.000000', 3, 2, 10, 'Pokkén Tournament Championship 2024'),
(109, 'Paris', 14, 1.30, 6, 2.60, '2024-12-06', '20:30:00.000000', 1, 3, 10, 'Pokkén Tournament Championship 2024'),
(110, 'San Francisco', 19, 1.90, 13, 1.70, '2024-12-07', '14:00:00.000000', 1, 2, 10, 'Pokkén Tournament Championship 2024'),
(111, 'São Paulo', 7, 1.55, 25, 2.45, '2024-12-08', '15:00:00.000000', 2, 2, 10, 'Pokkén Tournament Championship 2024'),
(112, 'Moscow', 4, 1.80, 11, 2.00, '2024-12-09', '16:00:00.000000', 1, 2, 10, 'Pokkén Tournament Championship 2024'),
(113, 'Dublin', 19, 1.75, 13, 1.85, '2024-12-10', '17:00:00.000000', 1, 3, 10, 'Pokkén Tournament Championship 2024'),
(114, 'Tokyo', 13, 1.50, 6, 2.50, '2024-12-11', '15:00:00.000000', 3, 1, 11, 'Rocket League Championship Series 2024'),
(115, 'Los Angeles', 26, 1.65, 16, 1.85, '2024-12-12', '16:30:00.000000', 1, 1, 11, 'Rocket League Championship Series 2024'),
(116, 'Paris', 17, 1.70, 22, 1.90, '2024-12-13', '17:45:00.000000', 1, 3, 11, 'Rocket League Championship Series 2024'),
(117, 'London', 19, 1.80, 16, 2.00, '2024-12-14', '18:15:00.000000', 3, 1, 11, 'Rocket League Championship Series 2024'),
(118, 'Berlin', 12, 1.40, 25, 2.30, '2024-12-15', '19:00:00.000000', 1, 2, 11, 'Rocket League Championship Series 2024'),
(119, 'Toronto', 22, 1.30, NULL, 2.60, '2024-12-16', '20:30:00.000000', 1, 2, 11, 'Rocket League Championship Series 2024'),
(120, 'São Paulo', 16, 1.90, 3, 1.70, '2024-12-17', '14:00:00.000000', 1, 3, 11, 'Rocket League Championship Series 2024'),
(121, 'Moscow', 18, 1.55, 6, 2.45, '2024-12-18', '15:00:00.000000', 1, 3, 11, 'Rocket League Championship Series 2024'),
(122, 'Dublin', 9, 1.80, 13, 2.00, '2024-12-19', '16:00:00.000000', 3, 2, 11, 'Rocket League Championship Series 2024'),
(123, 'Tokyo', 8, 1.75, 16, 1.85, '2024-12-20', '17:00:00.000000', 2, 3, 11, 'Rocket League Championship Series 2024'),
(124, 'Los Angeles', 7, 1.50, 17, 2.50, '2024-12-21', '15:00:00.000000', 2, 3, 12, 'Rainbow Six Siege Six Invitational 2024'),
(125, 'Berlin', 24, 1.65, 10, 1.85, '2024-12-22', '16:30:00.000000', 1, 2, 12, 'Rainbow Six Siege Six Invitational 2024'),
(126, 'Toronto', 9, 1.70, 23, 1.90, '2024-12-23', '17:45:00.000000', 1, 3, 12, 'Rainbow Six Siege Six Invitational 2024'),
(127, 'Tokyo', 17, 1.80, 18, 2.00, '2024-12-24', '18:15:00.000000', 3, 2, 12, 'Rainbow Six Siege Six Invitational 2024'),
(128, 'London', 23, 1.40, 15, 2.30, '2024-12-25', '19:00:00.000000', 3, 1, 12, 'Rainbow Six Siege Six Invitational 2024'),
(129, 'Paris', 23, 1.30, 12, 2.60, '2024-12-26', '20:30:00.000000', 1, 2, 12, 'Rainbow Six Siege Six Invitational 2024'),
(130, 'São Paulo', NULL, 1.90, NULL, 1.70, '2024-12-27', '14:00:00.000000', 3, 2, 12, 'Rainbow Six Siege Six Invitational 2024'),
(131, 'Moscow', 17, 1.55, 18, 2.45, '2024-12-28', '15:00:00.000000', 3, 2, 12, 'Rainbow Six Siege Six Invitational 2024'),
(132, 'Dublin', 16, 1.80, NULL, 2.00, '2024-12-29', '16:00:00.000000', 1, 3, 12, 'Rainbow Six Siege Six Invitational 2024'),
(133, 'Los Angeles', 16, 1.50, 6, 2.50, '2024-12-30', '15:00:00.000000', 3, 3, 13, 'Valorant Champions Tour 2024'),
(134, 'Paris', 14, 1.65, 4, 1.85, '2024-12-31', '16:30:00.000000', 3, 2, 13, 'Valorant Champions Tour 2024'),
(135, 'Berlin', 26, 1.70, 25, 1.90, '2025-01-01', '17:45:00.000000', 3, 3, 13, 'Valorant Champions Tour 2024'),
(136, 'Toronto', 7, 1.80, 12, 2.00, '2025-01-02', '18:15:00.000000', 2, 3, 13, 'Valorant Champions Tour 2024'),
(137, 'Tokyo', 21, 1.40, 22, 2.30, '2025-01-03', '19:00:00.000000', 2, 2, 13, 'Valorant Champions Tour 2024'),
(138, 'London', 10, 1.30, 22, 2.60, '2025-01-04', '20:30:00.000000', 2, 2, 13, 'Valorant Champions Tour 2024'),
(139, 'São Paulo', 15, 1.90, 12, 1.70, '2025-01-05', '14:00:00.000000', 2, 1, 13, 'Valorant Champions Tour 2024'),
(140, 'Dublin', NULL, 1.55, 20, 2.45, '2025-01-06', '15:00:00.000000', 3, 2, 13, 'Valorant Champions Tour 2024'),
(141, 'Moscow', 18, 1.80, 20, 2.00, '2025-01-07', '16:00:00.000000', 2, 2, 13, 'Valorant Champions Tour 2024'),
(142, 'Toronto', 7, 1.75, 5, 1.85, '2025-01-08', '17:00:00.000000', 2, 1, 13, 'Valorant Champions Tour 2024'),
(143, 'Los Angeles', 4, 1.50, 11, 2.50, '2025-01-09', '15:00:00.000000', 3, 1, 14, 'Deadlock Championship 2024'),
(144, 'Tokyo', 3, 1.65, 17, 1.85, '2025-01-10', '16:30:00.000000', 2, 1, 14, 'Deadlock Championship 2024'),
(145, 'Berlin', 9, 1.70, 12, 1.90, '2025-01-11', '17:45:00.000000', 3, 2, 14, 'Deadlock Championship 2024'),
(146, 'London', 9, 1.80, 13, 2.00, '2025-01-12', '18:15:00.000000', 3, 2, 14, 'Deadlock Championship 2024'),
(147, 'Madrid', 4, 1.40, 26, 2.30, '2025-01-13', '19:00:00.000000', 1, 2, 14, 'Deadlock Championship 2024'),
(148, 'San Francisco', 10, 1.30, 8, 2.60, '2025-01-14', '20:30:00.000000', 3, 3, 14, 'Deadlock Championship 2024'),
(149, 'São Paulo', 7, 1.90, 9, 1.70, '2025-01-15', '14:00:00.000000', 2, 2, 14, 'Deadlock Championship 2024'),
(150, 'Moscow', 16, 1.55, 5, 2.45, '2025-01-16', '15:00:00.000000', 3, 1, 14, 'Deadlock Championship 2024'),
(151, 'Paris', 7, 1.80, 20, 2.00, '2025-01-17', '16:00:00.000000', 2, 1, 14, 'Deadlock Championship 2024'),
(152, 'Toronto', 4, 1.75, 20, 1.85, '2025-01-18', '17:00:00.000000', 3, 3, 14, 'Deadlock Championship 2024');

-- --------------------------------------------------------

--
-- Table structure for table `news`
--

CREATE TABLE `news` (
  `id` int(11) NOT NULL,
  `title` varchar(255) NOT NULL,
  `author` varchar(70) DEFAULT NULL,
  `game_id` int(11) DEFAULT NULL,
  `publish_date` datetime DEFAULT current_timestamp(),
  `status` enum('draft','published','archived') DEFAULT 'draft',
  `views` int(11) DEFAULT 0,
  `likes` int(11) DEFAULT 0,
  `image_url` varchar(255) DEFAULT NULL,
  `updated_at` timestamp NOT NULL DEFAULT current_timestamp() ON UPDATE current_timestamp(),
  `description` varchar(100) NOT NULL,
  `content` longtext CHARACTER SET utf8mb4 COLLATE utf8mb4_bin DEFAULT NULL CHECK (json_valid(`content`)),
  `messages` int(11) DEFAULT 0
) ENGINE=InnoDB DEFAULT CHARSET=utf8mb4 COLLATE=utf8mb4_general_ci;

--
-- Dumping data for table `news`
--

INSERT INTO `news` (`id`, `title`, `author`, `game_id`, `publish_date`, `status`, `views`, `likes`, `image_url`, `updated_at`, `description`, `content`, `messages`) VALUES
(37, 'BLAST розслідує порушення правил командою Astralis', 'Sport.ua', 1, '2024-10-16 12:00:00', 'published', 171, 0, 'https://pic.sport.ua/images/news/0/17/130/orig_706015.jpg', '2024-10-16 16:09:41', 'Скандал через можливі порушення правил турніру командою Astralis. Можливі серйозні наслідки.', '{\n    \"questions\": [\n        {\n            \"question\": \"Які ваші думки щодо розслідування BLAST стосовно команди Astralis?\",\n            \"answer\": \"Це дуже серйозна ситуація, і розслідування може мати великі наслідки для команди. Гравці мають дотримуватися правил, і якщо є порушення, їх потрібно розглядати.\"\n        },\n        {\n            \"question\": \"Як це розслідування вплине на команду Astralis в цілому?\",\n            \"answer\": \"Це може викликати стрес і розлади в команді. Важливо, щоб гравці зосередилися на своїй грі і не дозволили цим новинам вплинути на їхню продуктивність.\"\n        },\n        {\n            \"question\": \"Чи вважаєте ви, що правила в професійному кіберспорті мають бути більш чіткими?\",\n            \"answer\": \"Безумовно. Чіткі правила допоможуть уникнути подібних ситуацій у майбутньому. Команди повинні знати, які саме вимоги існують і які наслідки можуть бути за їх порушення.\"\n        },\n        {\n            \"question\": \"Які можуть бути наслідки для Astralis, якщо порушення будуть підтверджені?\",\n            \"answer\": \"Наслідки можуть бути різними: від штрафів і зняття очок до можливого виключення з турнірів. Це серйозно вплине на репутацію команди.\"\n        },\n        {\n            \"question\": \"Чи може це розслідування змінити вашу думку про команду Astralis?\",\n            \"answer\": \"Це залежить від результатів розслідування. Якщо виявиться, що команда дійсно порушила правила, це змусить переглянути моє ставлення до них. Але якщо все виявиться сфабрикованим, можливо, я залишуся при своїй думці.\"\n        }\n    ]\n}', 0),
(38, 'Девід Бекхем продає GUILD Esports', 'Sport.ua', 1, '2024-10-15 10:00:00', 'published', 3263, 0, 'https://pic.sport.ua/images/news/0/17/150/orig_710102.jpg', '2024-10-16 16:10:37', 'Бекхем завершує своє кіберспортивне підприємництво великим продажем GUILD Esports.', '{\n    \"questions\": [\n        {\n            \"question\": \"Які ваші враження від продажу GUILD Esports Девідом Бекхемом?\",\n            \"answer\": \"Це неочікуваний крок, але зрозумілий з огляду на динаміку ринку. Бекхем зробив багато для популяризації команди, але бізнес може вимагати змін.\"\n        },\n        {\n            \"question\": \"Як це вплине на імідж GUILD Esports?\",\n            \"answer\": \"Залежно від того, хто купує команду, це може або зміцнити їх імідж, або викликати сумніви. Важливо, щоб новий власник поділяв цінності GUILD і мав стратегію для її розвитку.\"\n        },\n        {\n            \"question\": \"Які можуть бути наслідки для гравців GUILD Esports після продажу?\",\n            \"answer\": \"Гравці можуть відчути невизначеність через зміни в керівництві. Якщо новий власник вирішить змінити стратегію, це може вплинути на склад команди.\"\n        },\n        {\n            \"question\": \"Чи є можливість, що новий власник вкладе більше коштів у розвиток GUILD?\",\n            \"answer\": \"Цілком ймовірно. Якщо новий власник має досвід у кіберспорті, він може інвестувати у нові гравці, тренерів або інфраструктуру, що позитивно вплине на команду.\"\n        },\n        {\n            \"question\": \"Які ваші прогнози щодо майбутнього GUILD Esports після продажу?\",\n            \"answer\": \"Все залежить від нової стратегії та бачення власника. Якщо вони зможуть залучити нові таланти і підтримувати команду, GUILD може стати ще більш успішною. Проте, якщо виникнуть проблеми з управлінням, це може стати викликом.\"\n        }\n    ]\n}', 0),
(39, 'Astralis готується до заміни гравця', 'Sport.ua', 1, '2024-10-14 09:30:00', 'published', 202, 0, 'https://pic.sport.ua/images/news/0/17/130/orig_706015.jpg', '2024-10-16 17:18:42', 'Команда Astralis змінює свій склад перед наступними змаганнями, що може змінити хід подій.', '{\n    \"questions\": [\n        {\n            \"question\": \"Що ви думаєте про можливу заміну гравця в команді Astralis?\",\n            \"answer\": \"Це може бути необхідним кроком, якщо команда не показує бажаних результатів. Зміни в складі можуть дати новий імпульс і поліпшити командну динаміку.\"\n        },\n        {\n            \"question\": \"Як це вплине на атмосферу в команді Astralis?\",\n            \"answer\": \"Заміна гравця може викликати як позитивні, так і негативні емоції. Існуючі гравці можуть відчувати стрес через невизначеність, але новий гравець може додати свіжу енергію і мотивацію.\"\n        },\n        {\n            \"question\": \"Які критерії важливі при виборі нового гравця для Astralis?\",\n            \"answer\": \"Команда повинна звернути увагу на ігрові навички, командну хімію та адаптивність до стилю гри Astralis. Також важливо, щоб новий гравець поділяв цінності команди.\"\n        },\n        {\n            \"question\": \"Як можуть вплинути ці зміни на результати команди в наступних турнірах?\",\n            \"answer\": \"Якщо новий гравець швидко адаптується, команда може покращити свої результати. Проте, якщо інтеграція пройде не так гладко, це може призвести до додаткових труднощів.\"\n        },\n        {\n            \"question\": \"Чи є можливість, що заміна гравця стане початком нової ери для Astralis?\",\n            \"answer\": \"Цілком можливо. Якщо команда знайде правильного гравця, це може призвести до відновлення їхньої сили на міжнародній арені і повернення до лідерських позицій.\"\n        }\n    ]\n}\n', 0),
(40, 'NaVi перемагає на IEM Katowice', 'Sport.ua', 1, '2024-10-13 18:00:00', 'published', 1200, 0, 'https://pic.sport.ua/images/news/0/17/145/orig_709188.jpg', '2024-10-16 17:19:09', 'Команда NaVi тріумфує на великому турнірі з CS:GO, продовжуючи свою домінантну серію.', '{\n    \"questions\": [\n        {\n            \"question\": \"Які емоції ви відчуваєте після перемоги NaVi на IEM Katowice?\",\n            \"answer\": \"Це фантастичне досягнення! Команда показала неймовірну гру і величезну майстерність. Перемога на такому престижному турнірі підтверджує їхній статус однієї з найкращих команд світу.\"\n        },\n        {\n            \"question\": \"Які ключові моменти допомогли NaVi досягти успіху на цьому турнірі?\",\n            \"answer\": \"Відмінна командна взаємодія та стратегічні рішення були критично важливими. Кожен гравець вніс свій вклад, а тактика на різних картах була бездоганною.\"\n        },\n        {\n            \"question\": \"Як ви оцінюєте виступ суперників NaVi на IEM Katowice?\",\n            \"answer\": \"Суперники також показали хорошу гру, але NaVi змогли продемонструвати свій найкращий рівень. Важливо визнати зусилля інших команд, адже конкуренція була дуже високою.\"\n        },\n        {\n            \"question\": \"Який вплив матиме ця перемога на майбутнє NaVi?\",\n            \"answer\": \"Ця перемога підвищить впевненість команди і додасть мотивації до подальших змагань. Вона також може залучити нових шанувальників і спонсорів, що допоможе розвитку команди.\"\n        },\n        {\n            \"question\": \"Що, на вашу думку, означає ця перемога для українського кіберспорту?\",\n            \"answer\": \"Це велике досягнення для українського кіберспорту в цілому. NaVi стали символом надії та гордості для багатьох шанувальників, і їхня перемога підкреслює високий рівень таланту в Україні.\"\n        }\n    ]\n}\n', 0),
(41, 'Faker повертається до League of Legends', 'Sport.ua', 7, '2024-10-12 14:00:00', 'published', 980, 0, 'https://players.com.ua/wp-content/uploads/2024/05/Faker-Worlds-2023-edited.webp', '2024-10-16 17:19:18', 'Легендарний гравець Faker знову в грі, чим тішить своїх численних фанатів.', '{\n    \"questions\": [\n        {\n            \"question\": \"Які ваші думки про повернення Faker до League of Legends?\",\n            \"answer\": \"Це неймовірна новина для всіх шанувальників гри! Faker завжди був одним із найкращих гравців, і його повернення може додати нової енергії як для команди, так і для всього турнірного середовища.\"\n        },\n        {\n            \"question\": \"Як повернення Faker вплине на його команду?\",\n            \"answer\": \"Відновлення такого гравця, як Faker, може суттєво підвищити рівень гри команди. Його досвід та лідерські якості можуть допомогти молодшим гравцям адаптуватися і розвиватися.\"\n        },\n        {\n            \"question\": \"Чи вважаєте ви, що Faker зможе знову досягти вершин у професійному кіберспорті?\",\n            \"answer\": \"Цілком ймовірно. Якщо він залишиться в хорошій формі і зможе адаптуватися до нових мета та стратегій, він має всі шанси повернутися на вершину.\"\n        },\n        {\n            \"question\": \"Які виклики можуть виникнути у Faker після повернення?\",\n            \"answer\": \"Основними викликами можуть стати адаптація до зміненого мета гри, конкуренція з новими гравцями та підвищений тиск через очікування шанувальників.\"\n        },\n        {\n            \"question\": \"Що це повернення означає для фанатів League of Legends?\",\n            \"answer\": \"Фанати будуть в захваті! Faker - це ікона, і його повернення обіцяє захоплюючі матчі та нові можливості для великих моментів у грі.\"\n        }\n    ]\n}\n', 0),
(42, 'Офіційний анонс CS:GO 2', 'Sport.ua', 1, '2024-10-11 09:00:00', 'published', 1500, 0, 'https://images.unian.net/photos/2023_09/thumb_files/800_0_1693586569-8756.png?r=309316', '2024-10-16 19:20:13', 'Valve оголошує продовження культової гри — CS:GO 2, що обіцяє бути новим етапом розвитку шутерів.', '{\n    \"questions\": [\n        {\n            \"question\": \"Які ваші враження від офіційного анонсу CS:GO 2?\",\n            \"answer\": \"Це вражаюча новина для всіх шанувальників серії! Після багатьох років очікувань, анонс нової гри обіцяє нові можливості та покращення у геймплейних механіках.\"\n        },\n        {\n            \"question\": \"Які нові функції ви очікуєте побачити в CS:GO 2?\",\n            \"answer\": \"Сподіваюся на покращену графіку, нові карти та можливість інтеграції нових механік, які підвищать динаміку гри. Також було б чудово побачити вдосконалені системи матчмейкінгу та античіт.\"\n        },\n        {\n            \"question\": \"Як ви думаєте, чи вплине це на професійну сцену CS:GO?\",\n            \"answer\": \"Так, це може суттєво змінити професійну сцену. Команди можуть бути змушені адаптувати свої стратегії до нових умов, а це створить цікаву конкуренцію та нові можливості для зростання.\"\n        },\n        {\n            \"question\": \"Які виклики можуть виникнути у гравців після переходу на CS:GO 2?\",\n            \"answer\": \"Гравцям доведеться адаптуватися до нових механік і балансів гри. Це може вимагати часу та зусиль, щоб відновити свою майстерність у новому середовищі.\"\n        },\n        {\n            \"question\": \"Що це означає для спільноти CS:GO?\",\n            \"answer\": \"Анонс CS:GO 2 відкриває нову главу для спільноти. Шанувальники зможуть очікувати нові події, турніри та можливість взаємодії з грою на новому рівні.\"\n        }\n    ]\n}\n', 0),
(43, 'Оголошені дати PUBG Global Championship', 'Sport.ua', 9, '2024-10-10 12:30:00', 'published', 800, 0, 'https://insider-gaming.com/wp-content/uploads/2024/09/pubg-world-championship-1024x536.jpeg', '2024-10-16 17:20:23', 'Дата початку основного турніру PUBG стала відомою, і найкращі команди світу вже готуються до участі.', '{\n    \"questions\": [\n        {\n            \"question\": \"Які ваші враження від оголошення дат PUBG Global Championship?\",\n            \"answer\": \"Це чудова новина для шанувальників PUBG! Дати турніру дозволяють всім гравцям і фанатам спланувати свої графіки, щоб бути готовими до великих моментів у грі.\"\n        },\n        {\n            \"question\": \"Що ви очікуєте від PUBG Global Championship цього року?\",\n            \"answer\": \"Сподіваюся побачити захоплюючі матчі та нові команди, які продемонструють свої вміння. Цей турнір завжди є платформою для найбільш захоплюючих моментів у професійному кіберспорті.\"\n        },\n        {\n            \"question\": \"Які команди ви вважаєте фаворитами на цьому турнірі?\",\n            \"answer\": \"Традиційно, команди, які демонстрували стабільний результат у попередніх чемпіонатах, можуть бути фаворитами. Однак завжди є ймовірність, що нові команди зможуть здивувати всіх.\"\n        },\n        {\n            \"question\": \"Як ви думаєте, чи вплине формат турніру на результати команд?\",\n            \"answer\": \"Так, формат може суттєво вплинути на результати. Різні формати ігрових днів можуть змінити стратегії команд, а це може стати вирішальним фактором у битві за перемогу.\"\n        },\n        {\n            \"question\": \"Що це оголошення означає для спільноти PUBG?\",\n            \"answer\": \"Це оголошення об\'єднує спільноту навколо спільного інтересу до гри. Фанати можуть активно обговорювати свої прогнози та підтримувати улюблені команди під час чемпіонату.\"\n        }\n    ]\n}\n', 0),
(44, 'Визначені півфіналісти LoL Worlds', 'Sport.ua', 7, '2024-10-09 15:00:00', 'published', 1100, 0, 'https://players.com.ua/wp-content/uploads/2023/11/F-uyqLTaIAAOUMy-e1699878799479.jpg.webp', '2024-10-16 17:20:45', 'Найсильніші команди світу готуються до півфіналів на Чемпіонаті світу з League of Legends.', '{\n    \"questions\": [\n        {\n            \"question\": \"Які ваші враження від визначення півфіналістів LoL Worlds?\",\n            \"answer\": \"Це захоплююча новина! Півфінали завжди обіцяють неймовірну гру, і цьогорічні команди продемонстрували чудову майстерність у боротьбі за титул.\"\n        },\n        {\n            \"question\": \"Які команди вас найбільше вразили на цьому етапі турніру?\",\n            \"answer\": \"Деякі команди продемонстрували видатну гру, використовуючи інноваційні стратегії. Це справді вражає, коли команди можуть адаптуватися до умов змагань і вигравати.\"\n        },\n        {\n            \"question\": \"Які ключові фактори допомогли цим командам дійти до півфіналу?\",\n            \"answer\": \"Відмінна командна хімія, стратегічне мислення та вміння адаптуватися до ігрових ситуацій стали визначальними. Також важливо, щоб гравці залишалися спокійними під тиском.\"\n        },\n        {\n            \"question\": \"Які ваші прогнози на півфінали?\",\n            \"answer\": \"Очікую на захоплюючі матчі. Кожна з команд має свої сильні та слабкі сторони, тому буде цікаво побачити, як вони змагатимуться один з одним.\"\n        },\n        {\n            \"question\": \"Як ця стадія турніру вплине на загальне сприйняття гри в кіберспорті?\",\n            \"answer\": \"Півфінали Worlds завжди привертають увагу шанувальників та нових гравців. Це чудова можливість показати, на якому високому рівні можуть відбуватися змагання в League of Legends.\"\n        }\n    ]\n}\n', 0),
(45, 'Рекордний призовий фонд The International з Dota 2', 'Sport.ua', 3, '2024-10-08 11:00:00', 'published', 2000, 0, 'https://encrypted-tbn0.gstatic.com/images?q=tbn:ANd9GcRrdJb1WRjMFZNxd_lfc3JkO02Wzg3_5YkziA&s', '2024-10-16 17:21:17', 'Новий рекордний призовий фонд на The International з Dota 2 залучає увагу всього світу.', '{\n    \"questions\": [\n        {\n            \"question\": \"Які ваші враження від рекордного призового фонду The International цього року?\",\n            \"answer\": \"Це вражаюча новина! Рекордний призовий фонд підкреслює популярність Dota 2 та зростаючу підтримку спільноти. Це не лише демонструє зацікавленість, але й зростаючу професійну сцену.\"\n        },\n        {\n            \"question\": \"Які фактори вплинули на зростання призового фонду?\",\n            \"answer\": \"Основним фактором є активна участь спільноти через краудфандинг, а також продаж Battle Pass, який пропонує гравцям ексклюзивний контент. Це чудовий приклад того, як фанати можуть підтримати свої улюблені команди.\"\n        },\n        {\n            \"question\": \"Який вплив рекордного призового фонду на команди-учасниці?\",\n            \"answer\": \"Високий призовий фонд підвищує мотивацію для команд, адже змагання на такому рівні стають не лише випробуванням на майстерність, а й можливістю отримати значні фінансові нагороди.\"\n        },\n        {\n            \"question\": \"Як ви думаєте, чи вплине це на наступні International?\",\n            \"answer\": \"Цілком ймовірно. Рекордний призовий фонд може залучити більше уваги до наступних International, а також спонукати більше гравців та команд змагатися на високому рівні.\"\n        },\n        {\n            \"question\": \"Що це означає для спільноти Dota 2?\",\n            \"answer\": \"Це чудова новина для спільноти, адже вона свідчить про здоровий розвиток гри. Фінансові вливання дозволять спільноті розвиватися, а також підтримувати нових гравців та команди.\"\n        }\n    ]\n}\n', 0),
(46, 'Результати відборів на Fortnite World Cup', 'Sport.ua', 1, '2024-10-07 17:00:00', 'published', 900, 0, 'https://cdn2.unrealengine.com/Fortnite%2Funtitled-page%2FFN_Competitive_Social_FWC_Announce-1920x1080-ec4306cddd1e003944a63e282359d29b86bb52b6.jpg', '2024-10-16 17:21:38', 'Закінчилися відбори на чемпіонат світу з Fortnite, і найкращі гравці отримали свої місця у фіналі.', '{\n    \"questions\": [\n        {\n            \"question\": \"Які ваші враження від результатів відборів на Fortnite World Cup?\",\n            \"answer\": \"Це було надзвичайно цікаво! Відбори виявили сильну конкуренцію та неймовірні навички гравців. Багато команд продемонстрували свою готовність змагатися на світовій арені.\"\n        },\n        {\n            \"question\": \"Які команди або гравці вразили вас найбільше під час відборів?\",\n            \"answer\": \"Декілька гравців показали вражаючий рівень гри, зокрема тих, хто постійно потрапляв у топ-5. Це свідчить про їхній потенціал досягти успіху на World Cup.\"\n        },\n        {\n            \"question\": \"Які фактори вплинули на успішність команд під час відборів?\",\n            \"answer\": \"Команди, які змогли швидко адаптуватися до зміни мета, показали найкращі результати. Також важливою була командна хімія і стратегічні рішення під час ігор.\"\n        },\n        {\n            \"question\": \"Які очікування у вас від Fortnite World Cup після цих відборів?\",\n            \"answer\": \"Очікую на захоплюючі матчі та непередбачувані результати. Конкуренція обіцяє бути дуже жорсткою, і це створить багато захоплюючих моментів для шанувальників.\"\n        },\n        {\n            \"question\": \"Що ці результати означають для спільноти Fortnite?\",\n            \"answer\": \"Вони свідчать про здорову конкуренцію та зростання інтересу до гри. Це також може заохотити нових гравців долучатися до турнірів і розвивати свої навички.\"\n        }\n    ]\n}\n', 0),
(47, 'Результати турніру Valorant Champions', 'Sport.ua', 13, '2024-10-06 16:00:00', 'published', 700, 0, 'https://i.ytimg.com/vi/VNxvRG0ceUI/maxresdefault.jpg', '2024-10-16 17:22:00', 'Турнір Valorant Champions завершився. Команди продемонстрували неймовірну майстерність.', '{\n    \"questions\": [\n        {\n            \"question\": \"Які ваші враження від результатів турніру Valorant Champions?\",\n            \"answer\": \"Цей турнір був неймовірно захоплюючим! Команди показали високий рівень гри, і фінальні матчі стали справжнім святом для шанувальників Valorant.\"\n        },\n        {\n            \"question\": \"Які команди чи гравці вас найбільше вразили на цьому турнірі?\",\n            \"answer\": \"Безумовно, кілька команд продемонстрували вражаючу командну хімію та індивідуальну майстерність. Декотрі гравці стали справжніми зірками, перевершивши всі очікування.\"\n        },\n        {\n            \"question\": \"Які ключові моменти визначили результати турніру?\",\n            \"answer\": \"Стратегії, адаптивність до суперників та критично важливі рішення в ключових моментах стали вирішальними. Команди, які змогли зберегти спокій під тиском, зазвичай отримували перевагу.\"\n        },\n        {\n            \"question\": \"Які прогнози у вас щодо майбутнього Valorant Champions після цього турніру?\",\n            \"answer\": \"Очікую, що цей турнір підвищить популярність Valorant на міжнародній арені і заохотить більше команд змагатися на високому рівні. Можливо, ми побачимо нових лідерів на наступних чемпіонатах.\"\n        },\n        {\n            \"question\": \"Що ці результати означають для спільноти Valorant?\",\n            \"answer\": \"Це підтверджує зростаючу популярність Valorant як кіберспортивної дисципліни. Спільнота може очікувати нові можливості для змагань, а також ще більше захоплюючих подій у майбутньому.\"\n        }\n    ]\n}\n', 0),
(48, 'Попередній огляд фіналу Overwatch League', 'Sport.ua', 8, '2024-10-05 14:30:00', 'published', 550, 0, 'https://preview.redd.it/guys-dont-worry-theyre-just-waiting-to-release-the-v0-8ined8gb8wrb1.jpg?auto=webp&s=8e2ac73211f03faab426caf7e8e33c1f55e07de6', '2024-10-16 19:18:31', 'Наближаються фінальні матчі Overwatch League, що обіцяють бути захопливими.', '{\n    \"questions\": [\n        {\n            \"question\": \"Які ваші очікування від фіналу Overwatch League?\",\n            \"answer\": \"Фінал обіцяє бути неймовірно захоплюючим! Дві найкращі команди покажуть свій найвищий рівень гри, і це буде справжня битва за титул чемпіона.\"\n        },\n        {\n            \"question\": \"Які команди вийшли у фінал, і що їх сильні сторони?\",\n            \"answer\": \"Обидві команди продемонстрували відмінну гру на всіх етапах турніру. Вони мають сильних гравців та вражаючі стратегії, що можуть виявитися вирішальними у фіналі.\"\n        },\n        {\n            \"question\": \"Які ключові фактори можуть вплинути на результат фіналу?\",\n            \"answer\": \"Командна хімія, адаптивність до ігрових умов та здатність справлятися з тиском - все це стане критично важливим у фіналі. Важливо також, як команди використовують свої героїв і вміння.\"\n        },\n        {\n            \"question\": \"Що означає фінал Overwatch League для спільноти гравців?\",\n            \"answer\": \"Фінал є кульмінацією року для спільноти Overwatch. Це можливість для фанатів підтримати своїх улюбленців і побачити, як їхні команди змагаються на найвищому рівні.\"\n        },\n        {\n            \"question\": \"Які ваші прогнози щодо майбутнього Overwatch League після цього фіналу?\",\n            \"answer\": \"Очікую, що цей фінал підвищить інтерес до ліги та залучить нових гравців. Якщо обидві команди покажуть видовищну гру, це може створити позитивний імпульс для майбутніх сезонів.\"\n        }\n    ]\n}\n', 0),
(49, 'Огляд середини сезону Call of Duty League', 'Sport.ua', 2, '2024-10-04 18:00:00', 'published', 850, 0, 'https://blz-contentstack-images.akamaized.net/v3/assets/bltf408a0557f4e4998/bltd6fa384b60ff3fbd/64cc2fe367e57a3aa2cec653/Jupiter_Coming_Soon-Bnet_Game-Content_UI_(Phoenix)-EN-1920x1080_textless.jpg?imwidth=1920&imdensity=2.625', '2024-10-16 17:22:51', 'Найкращі моменти середини сезону Call of Duty League, що визначають лідерів.', '{\n    \"questions\": [\n        {\n            \"question\": \"Які ваші враження від середини сезону Call of Duty League?\",\n            \"answer\": \"Середина сезону виявилася дуже насиченою! Команди продемонстрували вражаючу гру, а конкуренція між ними стала ще більш напруженою.\"\n        },\n        {\n            \"question\": \"Які команди виділилися у першій половині сезону?\",\n            \"answer\": \"Декілька команд показали стабільні результати та завоювали репутацію лідерів. Їхня гра була вражаючою, і вони стали фаворитами серед фанатів.\"\n        },\n        {\n            \"question\": \"Які основні тенденції ви помітили у грі команд?\",\n            \"answer\": \"Команди стали більше акцентувати увагу на командній взаємодії та стратегії. Адаптивність до ігрових умов також стала ключовим фактором у їхньому успіху.\"\n        },\n        {\n            \"question\": \"Як зміни в меті гри вплинули на результат команд?\",\n            \"answer\": \"Зміни в меті завжди впливають на стратегії команд. Ті, хто швидко адаптується до нових умов, зазвичай досягають кращих результатів.\"\n        },\n        {\n            \"question\": \"Які прогнози у вас на залишок сезону?\",\n            \"answer\": \"Очікую на ще більше захоплюючих матчів та несподіваних результатів. Команди, які зможуть зберегти стабільність та адаптивність, мають шанси на успіх у плей-оф.\"\n        }\n    ]\n}\n', 0),
(50, 'Розклад Apex Legends Global Series', 'Sport.ua', 14, '2024-10-03 13:00:00', 'published', 600, 0, 'https://media.contentapi.ea.com/content/dam/apex-legends/compete/images/2021/07/algs-2-0-featured-image.jpg.adapt.crop16x9.1023w.jpg', '2024-10-16 17:23:16', 'Оголошено дати основних подій ALGS, де змагатимуться найкращі команди.', '{\n    \"questions\": [\n        {\n            \"question\": \"Які ваші враження від оголошення розкладу Apex Legends Global Series?\",\n            \"answer\": \"Це чудова новина для шанувальників! Розклад дає можливість планувати спостереження за іграми та підтримувати свої улюблені команди протягом усього турніру.\"\n        },\n        {\n            \"question\": \"Які етапи турніру ви вважаєте найцікавішими?\",\n            \"answer\": \"Стадії відбору та плей-оф завжди обіцяють бути найзахоплюючими. Вони виявляють справжні здібності команд і можуть бути непередбачуваними.\"\n        },\n        {\n            \"question\": \"Які команди ви сподіваєтеся побачити у турнірі?\",\n            \"answer\": \"Мені цікаво спостерігати за провідними командами з усіх регіонів. Декілька з них мають величезний потенціал, щоб піднятися до верхівки турніру.\"\n        },\n        {\n            \"question\": \"Які ключові моменти можуть вплинути на успіх команд у турнірі?\",\n            \"answer\": \"Командна хімія, стратегічні рішення та адаптація до мети гри стануть визначальними. Гравці, які можуть зберегти спокій під тиском, мають перевагу.\"\n        },\n        {\n            \"question\": \"Що означає цей розклад для спільноти Apex Legends?\",\n            \"answer\": \"Розклад є важливою частиною для спільноти, оскільки він дозволяє фанатам стежити за розвитком подій та активно підтримувати свої улюблені команди.\"\n        }\n    ]\n}\n', 0),
(51, 'Результати турніру Rainbow Six Major', 'Sport.ua', 12, '2024-10-02 15:00:00', 'published', 950, 0, 'https://staticctf.ubisoft.com/J3yJr34U2pZ2Ieem48Dwy9uqj5PNUQTn/3jf0Sw15Oix6a1s65LpkEV/78341a1c84feffc515cafcf1e551b495/B6_MAN_Major_Keyvisual_960x540.jpg', '2024-10-16 17:23:42', 'Результати головних матчів Rainbow Six Major вже відомі.', '{\n    \"questions\": [\n        {\n            \"question\": \"Які ваші враження від результатів турніру Rainbow Six Major?\",\n            \"answer\": \"Цей турнір був вражаючим! Команди показали високу майстерність та непередбачувану гру, що зробило матчі неймовірно цікавими для шанувальників.\"\n        },\n        {\n            \"question\": \"Які команди або гравці вас найбільше вразили на цьому турнірі?\",\n            \"answer\": \"Декілька команд справили на мене велике враження своєю командною хімією і здатністю адаптуватися до умов матчу. Гравці, які проявили себе у критичних моментах, стали справжніми зірками.\"\n        },\n        {\n            \"question\": \"Які ключові моменти визначили результати турніру?\",\n            \"answer\": \"Стратегії, використані командами, були критично важливими. Також варто зазначити індивідуальні виступи гравців, які змогли вирішити матчі в свою користь завдяки вражаючій грі.\"\n        },\n        {\n            \"question\": \"Які прогнози у вас щодо майбутнього Rainbow Six після цього Major?\",\n            \"answer\": \"Очікую, що цей турнір підвищить інтерес до Rainbow Six на міжнародній арені. Багато нових талантів можуть з’явитися на сцені, що зробить наступні турніри ще більш захоплюючими.\"\n        },\n        {\n            \"question\": \"Що ці результати означають для спільноти Rainbow Six?\",\n            \"answer\": \"Це свідчить про зростання популярності гри та підтримки з боку спільноти. Фанати можуть очікувати нових можливостей для змагань та ще більше видовищних матчів у майбутньому.\"\n        }\n    ]\n}\n', 0),
(52, 'Оновлення серії чемпіонату Rocket League', 'Sport.ua', 11, '2024-10-01 11:30:00', 'published', 760, 0, 'https://www.rocketleague.com/images/keyart/rl_evergreen.jpg', '2024-10-16 17:24:03', 'Новини та результати з останнього сезону Rocket League Championship Series.', '{\n    \"questions\": [\n        {\n            \"question\": \"Які основні зміни були оголошені в оновленні серії чемпіонату Rocket League?\",\n            \"answer\": \"Оновлення включає нові правила, зміни в форматі турнірів та цікаві додатки для гравців. Це підвищує конкуренцію та робить матчі ще більш захоплюючими.\"\n        },\n        {\n            \"question\": \"Як ці зміни вплинуть на участь команд у чемпіонаті?\",\n            \"answer\": \"Зміни в правилах можуть вплинути на стратегії команд. Деякі команди можуть адаптуватися швидше, що дозволить їм отримати перевагу у змаганнях.\"\n        },\n        {\n            \"question\": \"Які нові функції будуть доступні для гравців у серії чемпіонату?\",\n            \"answer\": \"Оновлення приносить нові можливості для кастомізації автомобілів, а також покращену систему винагород для учасників. Це підвищує інтерес до участі в чемпіонаті.\"\n        },\n        {\n            \"question\": \"Які ваші прогнози щодо впливу оновлення на майбутні сезони?\",\n            \"answer\": \"Очікую, що це оновлення підвищить рівень конкуренції в серії чемпіонату. Багато команд, які адаптуються до змін, можуть зайняти вищі позиції у таблиці.\"\n        },\n        {\n            \"question\": \"Що це означає для спільноти Rocket League?\",\n            \"answer\": \"Ці зміни свідчать про зростаючу підтримку та розвиток серії чемпіонату. Спільнота може очікувати більше захоплюючих моментів та нових можливостей для змагань.\"\n        }\n    ]\n}\n', 0),
(53, 'Нові члени Зали слави кіберспорту', 'Sport.ua', 1, '2024-09-30 10:00:00', 'published', 680, 0, 'https://encrypted-tbn0.gstatic.com/images?q=tbn:ANd9GcTqL3uN2PLdC1AvbSp4l0tfndV7L7Fqys0ZKg&s', '2024-10-16 17:24:26', 'Нових членів Зали слави кіберспорту офіційно оголошено.', '{\n    \"questions\": [\n        {\n            \"question\": \"Хто нові члени Зали слави кіберспорту у цьому році?\",\n            \"answer\": \"Цього року до Зали слави були введені кілька видатних постатей, які суттєво вплинули на розвиток кіберспорту. Їхні досягнення та внесок у цю галузь заслуговують на визнання.\"\n        },\n        {\n            \"question\": \"Які досягнення відзначають нових членів Зали слави?\",\n            \"answer\": \"Кожен з нових членів має вражаючі успіхи, від численних перемог на світових турнірах до інновацій у стратегічному підході до гри. Це підтверджує їхній величезний вплив на кіберспорт.\"\n        },\n        {\n            \"question\": \"Як введення нових членів вплине на спільноту кіберспорту?\",\n            \"answer\": \"Це надихає нові покоління гравців та фанатів, показуючи, що досягнення в кіберспорті можуть призводити до визнання на міжнародному рівні.\"\n        },\n        {\n            \"question\": \"Які реакції викликало оголошення нових членів Зали слави?\",\n            \"answer\": \"Спільнота відреагувала з захопленням! Багато шанувальників та колег з інших команд висловлюють свої вітання та повагу до нових членів.\"\n        },\n        {\n            \"question\": \"Які ваші прогнози щодо майбутніх введень до Зали слави кіберспорту?\",\n            \"answer\": \"Очікую, що в наступні роки ми побачимо ще більше видатних особистостей, які зроблять значний внесок у розвиток кіберспорту та надихнуть нові покоління гравців.\"\n        }\n    ]\n}\n', 0),
(54, 'Огляд турніру Street Fighter V', 'Sport.ua', 14, '2024-09-29 17:00:00', 'published', 500, 0, 'https://shared.akamai.steamstatic.com/store_item_assets/steam/apps/807290/ss_b85febde8d0c14be489a9b0d1544c9be372f0c70.1920x1080.jpg?t=1708064701', '2024-10-16 17:24:49', 'Основні моменти та результати турніру з Street Fighter V.', '{\n    \"questions\": [\n        {\n            \"question\": \"Які ваші враження від турніру Street Fighter V?\",\n            \"answer\": \"Турнір був неймовірно захоплюючим! Гравці продемонстрували високий рівень майстерності та стратегії, що зробило матчі дуже видовищними для шанувальників.\"\n        },\n        {\n            \"question\": \"Які гравці вас найбільше вразили на цьому турнірі?\",\n            \"answer\": \"Декілька гравців показали вражаючі комбінації та чудову реакцію. Їхня здатність адаптуватися до стилю суперників справила на мене велике враження.\"\n        },\n        {\n            \"question\": \"Які ключові моменти визначили результат турніру?\",\n            \"answer\": \"Стратегії, що використовувалися гравцями, та їхня здатність реагувати на зміни в матчах стали критично важливими. Моменти, коли гравці виходили з найскладніших ситуацій, справді вражали.\"\n        },\n        {\n            \"question\": \"Які ваші прогнози щодо майбутнього Street Fighter V після цього турніру?\",\n            \"answer\": \"Очікую, що цей турнір підвищить популярність гри та залучить нових гравців. З кожним новим сезоном ми бачимо зростання інтересу до Street Fighter V.\"\n        },\n        {\n            \"question\": \"Що ці результати означають для спільноти Street Fighter?\",\n            \"answer\": \"Це підтверджує, що Street Fighter V залишається одним із провідних файтингів у світі. Спільнота може очікувати нових можливостей для змагань та подальшого розвитку.\"\n        }\n    ]\n}\n', 0),
(55, 'Завершення сезону Hearthstone Grandmasters', 'Sport.ua', 14, '2024-09-28 13:00:00', 'published', 820, 0, 'https://encrypted-tbn0.gstatic.com/images?q=tbn:ANd9GcSYpeOSc99wUgOzkUC4Ug2FdyzKh--q1RWs5Q&s', '2024-10-16 17:25:04', 'Фінал сезону Hearthstone Grandmasters, підсумки і переможці.', '{\n    \"questions\": [\n        {\n            \"question\": \"Які ваші враження від завершення сезону Hearthstone Grandmasters?\",\n            \"answer\": \"Завершення сезону було неймовірно емоційним! Гравці продемонстрували вражаючі навички, а фінальні матчі стали справжнім святом для шанувальників.\"\n        },\n        {\n            \"question\": \"Які гравці виділилися протягом сезону?\",\n            \"answer\": \"Декілька гравців справили враження своєю стабільною грою і стратегічним підходом. Вони зуміли піднятися на верхні позиції таблиці і заробити визнання в спільноті.\"\n        },\n        {\n            \"question\": \"Які ключові моменти визначили результати сезону?\",\n            \"answer\": \"Зміни в меті гри та адаптація до нових карт стали вирішальними факторами. Гравці, які могли швидко реагувати на зміни, показали кращі результати.\"\n        },\n        {\n            \"question\": \"Які ваші прогнози щодо майбутнього Hearthstone Grandmasters після цього сезону?\",\n            \"answer\": \"Очікую, що наступний сезон принесе нові стратегії та цікаві результати. Зростаюча популярність гри залучить нових талантів, які піднімуть рівень змагань.\"\n        },\n        {\n            \"question\": \"Що завершення сезону означає для спільноти Hearthstone?\",\n            \"answer\": \"Це свідчить про стабільність та розвиток Hearthstone як змагальної гри. Спільнота може очікувати ще більше цікавих моментів та змагань у майбутньому.\"\n        }\n    ]\n}\n', 0),
(56, 'Початок Warzone World Series', 'Sport.ua', 2, '2024-09-27 19:00:00', 'published', 710, 0, 'https://i.ytimg.com/vi/liIcSYgVo2Q/maxresdefault.jpg', '2024-10-16 17:25:16', 'Розпочався турнір Warzone World Series, де зустрінуться найкращі гравці.', '{\n    \"questions\": [\n        {\n            \"question\": \"Які ваші враження від початку Warzone World Series?\",\n            \"answer\": \"Початок Warzone World Series став справжнім святом для фанатів! Гравці з різних регіонів зібралися, щоб продемонструвати свої навички на міжнародній арені.\"\n        },\n        {\n            \"question\": \"Які команди або гравці виділилися в перші дні турніру?\",\n            \"answer\": \"Декілька команд зуміли вразити всіх своєю стратегією і командною роботою. Особливо цікаво було спостерігати за тим, як вони адаптуються до умов гри.\"\n        },\n        {\n            \"question\": \"Які ключові елементи турніру ви вважаєте найбільш важливими?\",\n            \"answer\": \"Стратегічне планування та взаємодія між гравцями стали вирішальними факторами. Гравці, які можуть ефективно комунікувати та координувати свої дії, мають більші шанси на успіх.\"\n        },\n        {\n            \"question\": \"Які ваші прогнози щодо розвитку подій у Warzone World Series?\",\n            \"answer\": \"Очікую, що змагання стануть ще більш напруженими, оскільки команди почнуть адаптувати свої стратегії. Це може призвести до несподіваних результатів і захоплюючих моментів.\"\n        },\n        {\n            \"question\": \"Що початок Warzone World Series означає для спільноти Call of Duty?\",\n            \"answer\": \"Це підкреслює зростаючий інтерес до змагань у Warzone. Спільнота може очікувати більше подій та можливостей для участі у великій кіберспортивній арені.\"\n        }\n    ]\n}\n', 0);

-- --------------------------------------------------------

--
-- Table structure for table `notifications`
--

CREATE TABLE `notifications` (
  `id` int(11) NOT NULL,
  `user_id` int(11) DEFAULT NULL,
  `stake_id` int(11) DEFAULT NULL,
  `content` text NOT NULL,
  `type` enum('info','win','lost') DEFAULT 'info',
  `created_at` datetime DEFAULT current_timestamp()
) ENGINE=InnoDB DEFAULT CHARSET=utf8mb4 COLLATE=utf8mb4_unicode_ci;

--
-- Dumping data for table `notifications`
--

INSERT INTO `notifications` (`id`, `user_id`, `stake_id`, `content`, `type`, `created_at`) VALUES
(9, 48, 25, 'Вітаємо! Ви виграли 882.0000₴ у ставці на команду Evil Geniuses', 'win', '2024-10-20 22:32:27'),
(10, 48, 24, 'Шкода, ви програли 1.00₴ у ставці на команду BIG', 'lost', '2024-10-20 22:32:32');

-- --------------------------------------------------------

--
-- Table structure for table `stake`
--

CREATE TABLE `stake` (
  `id` int(11) NOT NULL,
  `match_id` int(11) DEFAULT NULL,
  `amount` decimal(10,2) DEFAULT NULL,
  `Coef` decimal(5,2) DEFAULT NULL,
  `stake_time` datetime DEFAULT current_timestamp(),
  `status` enum('pending','won','lost') DEFAULT NULL,
  `user_id` int(11) DEFAULT NULL,
  `team_id` int(11) DEFAULT NULL
) ENGINE=InnoDB DEFAULT CHARSET=utf8mb4 COLLATE=utf8mb4_general_ci;

--
-- Dumping data for table `stake`
--

INSERT INTO `stake` (`id`, `match_id`, `amount`, `Coef`, `stake_time`, `status`, `user_id`, `team_id`) VALUES
(24, 14, 1.00, 1.00, '2024-10-13 22:29:23', 'lost', 48, 11),
(25, 23, 21.00, 42.00, '2024-10-13 22:30:38', 'won', 48, 25);

--
-- Triggers `stake`
--
DELIMITER $$
CREATE TRIGGER `update_balance_and_add_notification` AFTER UPDATE ON `stake` FOR EACH ROW BEGIN
  --   статус з 'pending' на 'won'
  IF OLD.status = 'pending' AND NEW.status = 'won' THEN
    -- Оновлюємо баланс користувача при виграші
    UPDATE users
    SET bonus_money = bonus_money + (NEW.amount * NEW.Coef)
    WHERE id = NEW.user_id;

    -- Додаємо повідомлення про виграш
    INSERT INTO notifications (user_id, content, type, stake_id, created_at)
    VALUES (NEW.user_id, CONCAT('Вітаємо! Ви виграли ', NEW.amount * NEW.Coef, '₴ у ставці на команду ', (SELECT TeamName FROM teams WHERE TeamID = NEW.team_id)), 'win', NEW.id, NOW());

  --   статус з 'pending' на 'lost'
  ELSEIF OLD.status = 'pending' AND NEW.status = 'lost' THEN
    -- Додаємо повідомлення про програш
    INSERT INTO notifications (user_id, content, type, stake_id, created_at)
    VALUES (NEW.user_id, CONCAT('Шкода, але ви програли ', NEW.amount, '₴ у ставці на команду ', (SELECT TeamName FROM teams WHERE TeamID = NEW.team_id)), 'lost', NEW.id, NOW());
  END IF;
END
$$
DELIMITER ;

-- --------------------------------------------------------

--
-- Table structure for table `teams`
--

CREATE TABLE `teams` (
  `TeamID` int(11) NOT NULL,
  `TeamName` varchar(255) NOT NULL,
  `TeamLogo` varchar(255) DEFAULT NULL,
  `TeamCountry` varchar(255) DEFAULT NULL
) ENGINE=InnoDB DEFAULT CHARSET=utf8mb4 COLLATE=utf8mb4_general_ci;

--
-- Dumping data for table `teams`
--

INSERT INTO `teams` (`TeamID`, `TeamName`, `TeamLogo`, `TeamCountry`) VALUES
(3, 'Natus Vincere', 'img/Logos/navi.png', 'img/Countries/ua.png'),
(4, 'Astralis', 'img/Logos/astralis.png', 'img/Countries/dk.png'),
(5, 'G2 Esports', 'img/Logos/g2.png', 'img/Countries/fr.png'),
(6, 'FaZe Clan', 'img/Logos/faze.png', 'img/Countries/us.png'),
(7, 'Team Vitality', 'img/Logos/vitality.png', 'img/Countries/fr.png'),
(8, 'Ninjas in Pyjamas', 'img/Logos/nip.png', 'img/Countries/se.png'),
(9, 'Fnatic', 'img/Logos/fnatic.png', 'img/Countries/uk.png'),
(10, 'Cloud9', 'img/Logos/cloud9.png', 'img/Countries/us.png'),
(11, 'BIG', 'img/Logos/big.png', 'img/Countries/de.png'),
(12, 'Team Liquid', 'img/Logos/teamliquid.png', 'img/Countries/us.png'),
(13, 'OpTic Gaming', 'img/Logos/optic.png', 'img/Countries/us.png'),
(14, 'Atlanta FaZe', 'img/Logos/atlanta_faze.png', 'img/Countries/us.png'),
(15, 'Toronto Ultra', 'img/Logos/toronto_ultra.png', 'img/Countries/ca.png'),
(16, 'Dallas Empire', 'img/Logos/dallas_empire.png', 'img/Countries/us.png'),
(17, 'New York Subliners', 'img/Logos/ny_subliners.png', 'img/Countries/us.png'),
(18, 'Minnesota RØKKR', 'img/Logos/minnesota_rokkr.png', 'img/Countries/us.png'),
(19, 'Paris Legion', 'img/Logos/paris_legion.png', 'img/Countries/fr.png'),
(20, 'London Royal Ravens', 'img/Logos/london_ravens.png', 'img/Countries/uk.png'),
(21, 'Los Angeles Thieves', 'img/Logos/la_thieves.png', 'img/Countries/us.png'),
(22, 'Florida Mutineers', 'img/Logos/florida_mutineers.png', 'img/Countries/us.png'),
(23, 'OG', 'img/Logos/og.png', 'img/Countries/eu.png'),
(24, 'Team Secret', 'img/Logos/team_secret.png', 'img/Countries/eu.png'),
(25, 'Evil Geniuses', 'img/Logos/eg.png', 'img/Countries/us.png'),
(26, 'Virtus.pro', 'img/Logos/vp.png', 'img/Countries/ru.png'),
(27, 'PSG.LGD', 'img/Logos/psg_lgd.png', 'img/Countries/cn.png'),
(28, 'TNC Predator', 'img/Logos/tnc_predator.png', 'img/Countries/ph.png'),
(29, 'Team Liquid', 'img/Logos/teamliquid.png', 'img/Countries/nl.png'),
(30, 'Nigma Galaxy', 'img/Logos/nigma.png', 'img/Countries/eu.png'),
(31, 'Vici Gaming', 'img/Logos/vici_gaming.png', 'img/Countries/cn.png'),
(32, 'Invictus Gaming', 'img/Logos/invictus.png', 'img/Countries/cn.png'),
(33, 'Sentinels', 'img/Logos/sentinels.png', 'img/Countries/us.png'),
(34, 'Cloud9', 'img/Logos/cloud9.png', 'img/Countries/us.png'),
(35, 'OpTic Gaming', 'img/Logos/optic.png', 'img/Countries/us.png'),
(36, 'eUnited', 'img/Logos/eunited.png', 'img/Countries/us.png'),
(37, 'Fnatic', 'img/Logos/fnatic.png', 'img/Countries/uk.png'),
(38, 'FaZe Clan', 'img/Logos/faze.png', 'img/Countries/us.png'),
(39, 'G2 Esports', 'img/Logos/g2.png', 'img/Countries/fr.png'),
(40, 'Oxygen Esports', 'img/Logos/oxygen_esports.png', 'img/Countries/us.png'),
(41, 'Pioneers', 'img/Logos/pioneers.png', 'img/Countries/us.png'),
(42, 'Spacestation Gaming', 'img/Logos/spacestation.png', 'img/Countries/us.png'),
(43, 'Team Queso', 'img/Logos/teamqueso.png', 'img/Countries/es.png'),
(44, 'Tribe Gaming', 'img/Logos/tribe.png', 'img/Countries/us.png'),
(45, 'Immortals', 'img/Logos/immortals.png', 'img/Countries/us.png'),
(46, 'TSM', 'img/Logos/tsm.png', 'img/Countries/us.png'),
(47, 'Nova Esports', 'img/Logos/nova.png', 'img/Countries/hk.png'),
(48, 'JD Gaming', 'img/Logos/jd_gaming.png', 'img/Countries/cn.png'),
(49, 'KT Rolster', 'img/Logos/kt_rolster.png', 'img/Countries/kr.png'),
(50, 'Flash Wolves', 'img/Logos/flashwolves.png', 'img/Countries/tw.png'),
(51, 'Team Secret', 'img/Logos/team_secret.png', 'img/Countries/eu.png'),
(52, 'RRQ', 'img/Logos/rrq.png', 'img/Countries/id.png'),
(53, 'T1', 'img/Logos/t1.png', 'img/Countries/kr.png'),
(54, 'G2 Esports', 'img/Logos/g2.png', 'img/Countries/fr.png'),
(55, 'Fnatic', 'img/Logos/fnatic.png', 'img/Countries/uk.png'),
(56, 'Cloud9', 'img/Logos/cloud9.png', 'img/Countries/us.png'),
(57, 'Team Liquid', 'img/Logos/teamliquid.png', 'img/Countries/us.png'),
(58, 'DWG KIA', 'img/Logos/dwgkia.png', 'img/Countries/kr.png'),
(59, 'RNG', 'img/Logos/rng.png', 'img/Countries/cn.png'),
(60, 'EDward Gaming', 'img/Logos/edg.png', 'img/Countries/cn.png'),
(61, 'Gen.G', 'img/Logos/geng.png', 'img/Countries/kr.png'),
(62, 'MAD Lions', 'img/Logos/madlions.png', 'img/Countries/es.png'),
(63, 'San Francisco Shock', 'img/Logos/sf_shock.png', 'img/Countries/us.png'),
(64, 'Dallas Fuel', 'img/Logos/dallas_fuel.png', 'img/Countries/us.png'),
(65, 'Seoul Dynasty', 'img/Logos/seoul_dynasty.png', 'img/Countries/kr.png'),
(66, 'Shanghai Dragons', 'img/Logos/shanghai_dragons.png', 'img/Countries/cn.png'),
(67, 'Los Angeles Gladiators', 'img/Logos/la_gladiators.png', 'img/Countries/us.png'),
(68, 'Florida Mayhem', 'img/Logos/florida_mayhem.png', 'img/Countries/us.png'),
(69, 'London Spitfire', 'img/Logos/london_spitfire.png', 'img/Countries/uk.png'),
(70, 'Houston Outlaws', 'img/Logos/houston_outlaws.png', 'img/Countries/us.png'),
(71, 'Washington Justice', 'img/Logos/washington_justice.png', 'img/Countries/us.png'),
(72, 'Toronto Defiant', 'img/Logos/toronto_defiant.png', 'img/Countries/ca.png'),
(73, 'FaZe Clan', 'img/Logos/faze.png', 'img/Countries/us.png'),
(74, 'TSM', 'img/Logos/tsm.png', 'img/Countries/us.png'),
(75, 'Gen.G', 'img/Logos/geng.png', 'img/Countries/kr.png'),
(76, 'Team Liquid', 'img/Logos/teamliquid.png', 'img/Countries/us.png'),
(77, 'Na\'Vi', 'img/Logos/navi.png', 'img/Countries/ua.png'),
(78, 'ENCE', 'img/Logos/ence.png', 'img/Countries/fi.png'),
(79, 'Oath Gaming', 'img/Logos/oath.png', 'img/Countries/us.png'),
(80, 'FURY', 'img/Logos/fury.png', 'img/Countries/au.png'),
(81, 'Digital Athletics', 'img/Logos/da.png', 'img/Countries/tr.png'),
(82, 'Virtus.pro', 'img/Logos/vp.png', 'img/Countries/ru.png'),
(83, 'Roxo', 'img/Logos/roxo.png', 'img/Countries/us.png'),
(84, 'Thulius', 'img/Logos/thulius.png', 'img/Countries/us.png'),
(85, 'SlippingBug', 'img/Logos/slippingbug.png', 'img/Countries/us.png'),
(86, 'Goreson', 'img/Logos/goreson.png', 'img/Countries/us.png'),
(87, 'BadIntent', 'img/Logos/badintent.png', 'img/Countries/us.png'),
(88, 'CatFight', 'img/Logos/catfight.png', 'img/Countries/us.png'),
(89, 'Kira', 'img/Logos/kira.png', 'img/Countries/us.png'),
(90, 'Burnside', 'img/Logos/burnside.png', 'img/Countries/us.png'),
(91, 'Wingtide', 'img/Logos/wingtide.png', 'img/Countries/de.png'),
(92, 'Elm', 'img/Logos/elm.png', 'img/Countries/us.png'),
(93, 'Team BDS', 'img/Logos/bds.png', 'img/Countries/ch.png'),
(94, 'G2 Esports', 'img/Logos/g2.png', 'img/Countries/fr.png'),
(95, 'FaZe Clan', 'img/Logos/faze.png', 'img/Countries/us.png'),
(96, 'Team Vitality', 'img/Logos/vitality.png', 'img/Countries/fr.png'),
(97, 'NRG Esports', 'img/Logos/nrg.png', 'img/Countries/us.png'),
(98, 'Spacestation Gaming', 'img/Logos/spacestation.png', 'img/Countries/us.png'),
(99, 'Rogue', 'img/Logos/rogue.png', 'img/Countries/us.png'),
(100, 'Version1', 'img/Logos/version1.png', 'img/Countries/us.png'),
(101, 'Endpoint', 'img/Logos/endpoint.png', 'img/Countries/uk.png'),
(102, 'Oxygen Esports', 'img/Logos/oxygen_esports.png', 'img/Countries/us.png'),
(103, 'Team BDS', 'img/Logos/bds.png', 'img/Countries/ch.png'),
(104, 'Ninjas in Pyjamas', 'img/Logos/nip.png', 'img/Countries/br.png'),
(105, 'Team Liquid', 'img/Logos/teamliquid.png', 'img/Countries/br.png'),
(106, 'FaZe Clan', 'img/Logos/faze.png', 'img/Countries/br.png'),
(107, 'G2 Esports', 'img/Logos/g2.png', 'img/Countries/fr.png'),
(108, 'Rogue', 'img/Logos/rogue.png', 'img/Countries/us.png'),
(109, 'Spacestation Gaming', 'img/Logos/spacestation.png', 'img/Countries/us.png'),
(110, 'DarkZero Esports', 'img/Logos/darkzero.png', 'img/Countries/us.png'),
(111, 'Cloud9', 'img/Logos/cloud9.png', 'img/Countries/kr.png'),
(112, 'Team Empire', 'img/Logos/teamempire.png', 'img/Countries/ru.png'),
(113, 'Sentinels', 'img/Logos/sentinels.png', 'img/Countries/us.png'),
(114, 'Team Liquid', 'img/Logos/teamliquid.png', 'img/Countries/eu.png'),
(115, 'Fnatic', 'img/Logos/fnatic.png', 'img/Countries/uk.png'),
(116, 'G2 Esports', 'img/Logos/g2.png', 'img/Countries/fr.png'),
(117, 'Acend', 'img/Logos/acend.png', 'img/Countries/eu.png'),
(118, 'Vision Strikers', 'img/Logos/vision_strikers.png', 'img/Countries/kr.png'),
(119, 'X10 CRIT', 'img/Logos/x10_crit.png', 'img/Countries/th.png'),
(120, 'KRÜ Esports', 'img/Logos/kru_esports.png', 'img/Countries/ar.png'),
(121, '100 Thieves', 'img/Logos/100_thieves.png', 'img/Countries/us.png'),
(122, 'Envy', 'img/Logos/envy.png', 'img/Countries/us.png'),
(123, 'Unknown', 'img/Logos/unknown.png', 'img/Countries/us.png'),
(124, 'Eclipse', 'img/Logos/eclipse.png', 'img/Countries/us.png'),
(125, 'Helix', 'img/Logos/helix.png', 'img/Countries/us.png'),
(126, 'Nova', 'img/Logos/nova.png', 'img/Countries/us.png'),
(127, 'Rift', 'img/Logos/rift.png', 'img/Countries/us.png'),
(128, 'Titan', 'img/Logos/titan.png', 'img/Countries/us.png'),
(129, 'Vanguard', 'img/Logos/vanguard.png', 'img/Countries/us.png'),
(130, 'Zenith', 'img/Logos/zenith.png', 'img/Countries/us.png'),
(131, 'Ascend', 'img/Logos/ascend.png', 'img/Countries/us.png'),
(132, 'Elysium', 'img/Logos/elysium.png', 'img/Countries/us.png');

-- --------------------------------------------------------

--
-- Table structure for table `users`
--

CREATE TABLE `users` (
  `id` int(11) NOT NULL,
  `bonus_money` int(11) NOT NULL DEFAULT 100,
  `email` varchar(255) NOT NULL,
  `password` varchar(255) NOT NULL,
  `first_name` varchar(100) DEFAULT NULL,
  `last_name` varchar(100) DEFAULT NULL,
  `created_at` date DEFAULT curdate(),
  `gender` enum('Чоловіча','Жіноча','Інша') DEFAULT NULL,
  `phone_number` varchar(20) DEFAULT NULL,
  `country` varchar(50) DEFAULT NULL,
  `date_of_birth` date DEFAULT NULL,
  `googleId` varchar(50) DEFAULT NULL,
  `picture` varchar(255) DEFAULT '/img/User-Default.svg'
) ENGINE=InnoDB DEFAULT CHARSET=utf8mb4 COLLATE=utf8mb4_general_ci;

--
-- Dumping data for table `users`
--

INSERT INTO `users` (`id`, `bonus_money`, `email`, `password`, `first_name`, `last_name`, `created_at`, `gender`, `phone_number`, `country`, `date_of_birth`, `googleId`, `picture`) VALUES
(48, 6276, 'vasya.falyovskij@gmail.com', '$2a$04$p31on3TCSp14fPLPjRuqnelgT69WmkAVy2PBb5beiSEvYyeR5i8Qa', 'Василь', 'Фальовський', '2024-10-13', 'Чоловіча', '0956555110', 'Ukraine213', '2004-12-01', '117198055959106867405', 'https://lh3.googleusercontent.com/a/ACg8ocIFmlbl16I4QHytC3Tk2v9JoFWWJzIeK2UGXxbQdrTFy_lH8qY=s96-c'),
(50, 100, '1vasya.falyovskij@gmail.com', '$2a$07$DUdwN80EaTRzYIsG5uAXouvS6pKO9LKzurahm1AVq4N2kTvrBykr.', 'Василь', 'Фальовський', '2024-10-14', 'Чоловіча', '0956555110213', 'Ukraine', '2222-01-12', NULL, NULL),
(51, 100, 'vasya.falyovskij22@gmail.com', '$2a$07$qenqAmtMMpbv9PEp3bDG3e6PvYC1uSBG1RJ9LbDWFAaoOnIb407oW', 'Василь', 'Фальовський', '2024-10-15', NULL, NULL, NULL, NULL, NULL, 'img/User-Default.svg'),
(52, 100, 'ron.bartonzzz@gmail.com', '$2a$04$jVGI96TKUdL9mI7gG6cN9e4jYUUh../HDr550.rz7DeUnNJvdqJR2', 'Василь', 'Фальовський', '2024-10-15', 'Чоловіча', '0956555110', 'Ukraine', '1970-01-01', '107720322142409920200', 'https://lh3.googleusercontent.com/a/ACg8ocLLn3GWDom55ZxMFFfwYn4M6cnYr2cesYygzgm-SPmj2Kmi8hv2=s96-c'),
(53, 100, 'requiemforwasted@gmail.com', '$2a$04$mqeHDB1gSypZRMsOleGLi.z97tJmvVEslwPE8bz3uhy8.BS4OJwyG', 'wasted', NULL, '2024-10-16', NULL, NULL, NULL, NULL, '117394367964832870351', 'https://lh3.googleusercontent.com/a/ACg8ocIIvVWWNNbDWYK6p2b9RvwccxDIeifLOg_fEBAexCIPht3Cd14=s96-c'),
(54, 100, 'voronych.nestor@gmail.com', '$2a$07$igQjoyp/GNSWCQ.yLs4hneb98lMSnIAt5r/1LE.okaHWbry8IcVma', 'Nestor', 'Voronych', '2024-10-16', NULL, NULL, NULL, NULL, NULL, 'img/User-Default.svg'),
(55, 100, 'vasyl.falovskyi.19@pnu.edu.ua', '$2a$04$s8h7wb7tE1sEnCZybyc7I.bOhRBsuLkXF4JmYOGHVK7VwDhgJ/l5K', 'Василь', 'Фальовський', '2024-10-17', NULL, NULL, NULL, NULL, '110477461198784838557', 'https://lh3.googleusercontent.com/a/ACg8ocJGQih5yvQRNRkRC55MYsS6ahUN4htyaMu9BMDuhMo4PmxduN4=s96-c');

-- --------------------------------------------------------

--
-- Table structure for table `user_likes_dislikes`
--

CREATE TABLE `user_likes_dislikes` (
  `id` int(11) NOT NULL,
  `user_id` int(11) NOT NULL,
  `comment_id` int(11) NOT NULL,
  `action` enum('like','dislike') NOT NULL,
  `created_at` timestamp NOT NULL DEFAULT current_timestamp()
) ENGINE=InnoDB DEFAULT CHARSET=utf8mb4 COLLATE=utf8mb4_unicode_ci;

--
-- Dumping data for table `user_likes_dislikes`
--

INSERT INTO `user_likes_dislikes` (`id`, `user_id`, `comment_id`, `action`, `created_at`) VALUES
(602, 55, 42, 'dislike', '2024-10-17 14:37:53'),
(603, 55, 41, 'dislike', '2024-10-17 14:37:56'),
(604, 55, 43, 'like', '2024-10-17 14:37:57'),
(605, 55, 44, 'dislike', '2024-10-17 14:37:59'),
(634, 52, 45, 'like', '2024-10-17 15:01:25'),
(638, 52, 43, 'dislike', '2024-10-17 15:05:11'),
(653, 52, 44, 'like', '2024-10-17 15:08:27'),
(657, 52, 126, 'dislike', '2024-10-17 15:08:57'),
(658, 52, 127, 'like', '2024-10-17 15:08:58'),
(659, 52, 128, 'like', '2024-10-17 15:08:58'),
(660, 52, 129, 'dislike', '2024-10-17 15:08:59'),
(661, 52, 130, 'like', '2024-10-17 15:09:00'),
(665, 52, 41, 'dislike', '2024-10-17 15:10:10'),
(675, 52, 141, 'like', '2024-10-19 09:48:55'),
(676, 52, 42, 'like', '2024-10-19 09:51:54'),
(677, 52, 39, 'like', '2024-10-19 16:48:38');

--
-- Indexes for dumped tables
--

--
-- Indexes for table `comments`
--
ALTER TABLE `comments`
  ADD PRIMARY KEY (`id`),
  ADD KEY `news_id` (`news_id`);

--
-- Indexes for table `games_list`
--
ALTER TABLE `games_list`
  ADD PRIMARY KEY (`id`);

--
-- Indexes for table `matches`
--
ALTER TABLE `matches`
  ADD PRIMARY KEY (`MatchID`),
  ADD KEY `Team1ID` (`Team1ID`),
  ADD KEY `Team2ID` (`Team2ID`),
  ADD KEY `fk_game` (`game_id`);

--
-- Indexes for table `news`
--
ALTER TABLE `news`
  ADD PRIMARY KEY (`id`),
  ADD KEY `game_id` (`game_id`);

--
-- Indexes for table `notifications`
--
ALTER TABLE `notifications`
  ADD PRIMARY KEY (`id`),
  ADD KEY `user_id` (`user_id`),
  ADD KEY `fk_stake` (`stake_id`);

--
-- Indexes for table `stake`
--
ALTER TABLE `stake`
  ADD PRIMARY KEY (`id`),
  ADD KEY `match_id` (`match_id`),
  ADD KEY `fk_user_stake` (`user_id`),
  ADD KEY `fk_team` (`team_id`);

--
-- Indexes for table `teams`
--
ALTER TABLE `teams`
  ADD PRIMARY KEY (`TeamID`);

--
-- Indexes for table `users`
--
ALTER TABLE `users`
  ADD PRIMARY KEY (`id`),
  ADD UNIQUE KEY `email` (`email`);

--
-- Indexes for table `user_likes_dislikes`
--
ALTER TABLE `user_likes_dislikes`
  ADD PRIMARY KEY (`id`),
  ADD UNIQUE KEY `unique_like_dislike` (`user_id`,`comment_id`),
  ADD KEY `comment_id` (`comment_id`);

--
-- AUTO_INCREMENT for dumped tables
--

--
-- AUTO_INCREMENT for table `comments`
--
ALTER TABLE `comments`
  MODIFY `id` int(11) NOT NULL AUTO_INCREMENT, AUTO_INCREMENT=143;

--
-- AUTO_INCREMENT for table `games_list`
--
ALTER TABLE `games_list`
  MODIFY `id` int(11) NOT NULL AUTO_INCREMENT, AUTO_INCREMENT=16;

--
-- AUTO_INCREMENT for table `matches`
--
ALTER TABLE `matches`
  MODIFY `MatchID` int(11) NOT NULL AUTO_INCREMENT, AUTO_INCREMENT=153;

--
-- AUTO_INCREMENT for table `news`
--
ALTER TABLE `news`
  MODIFY `id` int(11) NOT NULL AUTO_INCREMENT, AUTO_INCREMENT=57;

--
-- AUTO_INCREMENT for table `notifications`
--
ALTER TABLE `notifications`
  MODIFY `id` int(11) NOT NULL AUTO_INCREMENT, AUTO_INCREMENT=11;

--
-- AUTO_INCREMENT for table `stake`
--
ALTER TABLE `stake`
  MODIFY `id` int(11) NOT NULL AUTO_INCREMENT, AUTO_INCREMENT=26;

--
-- AUTO_INCREMENT for table `teams`
--
ALTER TABLE `teams`
  MODIFY `TeamID` int(11) NOT NULL AUTO_INCREMENT, AUTO_INCREMENT=133;

--
-- AUTO_INCREMENT for table `users`
--
ALTER TABLE `users`
  MODIFY `id` int(11) NOT NULL AUTO_INCREMENT, AUTO_INCREMENT=56;

--
-- AUTO_INCREMENT for table `user_likes_dislikes`
--
ALTER TABLE `user_likes_dislikes`
  MODIFY `id` int(11) NOT NULL AUTO_INCREMENT, AUTO_INCREMENT=678;

--
-- Constraints for dumped tables
--

--
-- Constraints for table `comments`
--
ALTER TABLE `comments`
  ADD CONSTRAINT `comments_ibfk_1` FOREIGN KEY (`news_id`) REFERENCES `news` (`id`) ON DELETE CASCADE;

--
-- Constraints for table `matches`
--
ALTER TABLE `matches`
  ADD CONSTRAINT `fk_game` FOREIGN KEY (`game_id`) REFERENCES `games_list` (`id`) ON DELETE CASCADE ON UPDATE CASCADE,
  ADD CONSTRAINT `matches_ibfk_1` FOREIGN KEY (`Team1ID`) REFERENCES `teams` (`TeamID`),
  ADD CONSTRAINT `matches_ibfk_2` FOREIGN KEY (`Team2ID`) REFERENCES `teams` (`TeamID`);

--
-- Constraints for table `news`
--
ALTER TABLE `news`
  ADD CONSTRAINT `news_ibfk_1` FOREIGN KEY (`game_id`) REFERENCES `games_list` (`id`);

--
-- Constraints for table `notifications`
--
ALTER TABLE `notifications`
  ADD CONSTRAINT `fk_stake` FOREIGN KEY (`stake_id`) REFERENCES `stake` (`id`) ON DELETE CASCADE,
  ADD CONSTRAINT `notifications_ibfk_1` FOREIGN KEY (`user_id`) REFERENCES `users` (`id`) ON DELETE CASCADE ON UPDATE CASCADE;

--
-- Constraints for table `stake`
--
ALTER TABLE `stake`
  ADD CONSTRAINT `fk_team` FOREIGN KEY (`team_id`) REFERENCES `teams` (`TeamID`) ON DELETE CASCADE,
  ADD CONSTRAINT `fk_user_stake` FOREIGN KEY (`user_id`) REFERENCES `users` (`id`) ON DELETE CASCADE ON UPDATE CASCADE,
  ADD CONSTRAINT `stake_ibfk_1` FOREIGN KEY (`match_id`) REFERENCES `matches` (`MatchID`);

--
-- Constraints for table `user_likes_dislikes`
--
ALTER TABLE `user_likes_dislikes`
  ADD CONSTRAINT `user_likes_dislikes_ibfk_1` FOREIGN KEY (`user_id`) REFERENCES `users` (`id`),
  ADD CONSTRAINT `user_likes_dislikes_ibfk_2` FOREIGN KEY (`comment_id`) REFERENCES `comments` (`id`);
COMMIT;

/*!40101 SET CHARACTER_SET_CLIENT=@OLD_CHARACTER_SET_CLIENT */;
/*!40101 SET CHARACTER_SET_RESULTS=@OLD_CHARACTER_SET_RESULTS */;
/*!40101 SET COLLATION_CONNECTION=@OLD_COLLATION_CONNECTION */;
